2018-05-19 22:33:22,b'@LATAM_BRA depois de mudar meus voos ALGUMAS vezes agora a #latamairlines quer q eu v\xc3\xa1 at\xc3\xa9 o aeroporto p/ realizar\xe2\x80\xa6 https://t.co/eKNuKMwMtX'
2018-05-19 22:33:22,b'@LATAM_BRA depois de mudar meus voos ALGUMAS vezes agora a #latamairlines quer q eu v\xc3\xa1 at\xc3\xa9 o aeroporto p/ realizar\xe2\x80\xa6 https://t.co/eKNuKMwMtX'
2018-05-24 14:55:16,"b'@LATAM_BRA @LATAM_BRA @LATAMAirlines \nReclama\xc3\xa7\xc3\xa3o feita na Anac/portal do consumidor, vamos ver se agora agilizam a solu\xc3\xa7ao do caso 9984296.'"
2018-05-24 14:39:23,"b'Vamos nos ligar gente. A coisa est\xc3\xa1 feia @LATAMAirlines @LATAM_BRA \nAtendimento confuso e ruim. Pena, estavam indo bem.'"
2018-05-24 12:58:53,b'al\xc3\xb4 latam @LATAMAirlines'
2018-05-24 11:35:21,b'EU S\xc3\x93 PRECISO IR PRO RIO VER O HARRY @LATAM_BRA @LATAMAirlines'
2018-05-24 11:07:53,"b'RT @miragaya: Quando a Tam virou @LATAM_BRA @LATAMAirlines o neg\xc3\xb3cio ficou ruim. Voos racionalizados, piora no servi\xc3\xa7o e atendimento a bord\xe2\x80\xa6'"
2018-05-24 11:07:50,"b'RT @miragaya: @LATAM_BRA @LATAMAirlines - sistema burocr\xc3\xa1tico e com in\xc3\xbameras etapas, qualidade de \xc3\xa1udio onde os atendentes n\xc3\xa3o conseguem ou\xe2\x80\xa6'"
2018-05-24 11:07:48,"b'RT @miragaya: @LATAM_BRA @LATAMAirlines ... desculpas constantes de que o sistema est\xc3\xa1 lento, queda de liga\xc3\xa7\xc3\xb5es frequentes, retorno errado\xe2\x80\xa6'"
2018-05-24 11:07:45,"b'RT @miragaya: @LATAM_BRA @LATAMAirlines Agora, a previs\xc3\xa3o de espera \xc3\xa9 de meia hora. E ainda n\xc3\xa3o consegui resolver a passagem. Depois n\xc3\xa3o re\xe2\x80\xa6'"
2018-05-24 02:11:49,"b'@LATAM_BRA @LATAMAirlines Agora, a previs\xc3\xa3o de espera \xc3\xa9 de meia hora. E ainda n\xc3\xa3o consegui resolver a passagem. Dep\xe2\x80\xa6 https://t.co/Sm4KdlGIPi'"
2018-05-24 02:11:06,"b'@LATAM_BRA @LATAMAirlines ... desculpas constantes de que o sistema est\xc3\xa1 lento, queda de liga\xc3\xa7\xc3\xb5es frequentes, retor\xe2\x80\xa6 https://t.co/zSPdEdVkN4'"
2018-05-24 02:10:04,"b'@LATAM_BRA @LATAMAirlines - sistema burocr\xc3\xa1tico e com in\xc3\xbameras etapas, qualidade de \xc3\xa1udio onde os atendentes n\xc3\xa3o co\xe2\x80\xa6 https://t.co/oLlNgJCMKD'"
2018-05-24 02:09:20,"b'Quando a Tam virou @LATAM_BRA @LATAMAirlines o neg\xc3\xb3cio ficou ruim. Voos racionalizados, piora no servi\xc3\xa7o e atendime\xe2\x80\xa6 https://t.co/r8d3P8KZUU'"
2018-05-24 01:53:54,"b'@LATAMAirlines @LATAM_BRA acredito que em fun\xc3\xa7\xc3\xa3o da greve,os senhores estejam sofrendo com a quantidade de liga\xc3\xa7\xc3\xb5es\xe2\x80\xa6 https://t.co/DEwaO0Xy63'"
2018-05-24 01:38:23,b'@LATAMAirlines como saber se meu voo Curitiba s\xc3\xa3o  Paulo amanh\xc3\xa3  6:45 num 3002 vai acontecer'
2018-05-24 00:26:04,b'Sempre bem atendida latamairlines \xf0\x9f\x98\x8d\xf0\x9f\x98\x8d\xf0\x9f\x91\x8f\xf0\x9f\x8f\xbb\xf0\x9f\x91\x8f\xf0\x9f\x8f\xbb\xf0\x9f\x91\x8f\xf0\x9f\x8f\xbb\xf0\x9f\x91\x8f\xf0\x9f\x8f\xbb https://t.co/mD4I29VCow'
2018-05-24 00:09:02,"b'@LATAM_BRA @LATAMAirlines n\xc3\xa3o estou conseguindo consultar minha reserva, o que fa\xc3\xa7o?'"
2018-05-23 21:49:12,b'@LATAMAirlines o voo LA3015 saindo de CGH com destino a CWB j\xc3\xa1 decolou? Recebi notifica\xc3\xa7\xc3\xa3o de atraso e minha m\xc3\xa3e est\xc3\xa1 nesse voo. Obrigada!'
2018-05-23 21:02:28,b'Ainda espero a devolu\xc3\xa7\xc3\xa3o das passagens a\xc3\xa9reas compradas com a @LATAM_BRA @LATAMAirlines ... 3 meses esperando o ree\xe2\x80\xa6 https://t.co/Zu2NIDSzUS'
2018-05-23 19:02:58,b'@LATAM_BRA @LATAMAirlines @ReclameAQUI algum retorno???'
2018-05-23 18:23:57,b'@LATAMAirlines pode despachar cadeirinha automotiva para crian\xc3\xa7a acima de 2 anos?'
2018-05-23 18:03:46,"b'Latam pq vc vai me fazer ir pra S\xc3\xa3o Paulo 5 vezes fazer 4 entrevista de ingl\xc3\xaas, me explica a\xc3\xad @LATAMAirlines'"
2018-05-23 17:55:15,b'@LATAMAirlines @LATAM_BRA algum retorno?!?!! @ReclameAQUI'
2018-05-23 16:59:45,b'RT @mwbotelho: E a migra\xc3\xa7\xc3\xa3o do sistema da @LATAM_BRA @LATAMAirlines @Multiplus @MultiplusAtende n\xc3\xa3o acaba nunca...assim como os problemas..\xe2\x80\xa6'
2018-05-23 16:59:26,b'RT @ramosadri: @mwbotelho @LATAM_BRA @LATAMAirlines @Multiplus @MultiplusAtende Em janeiro me falaram que s\xc3\xb3 terminar\xc3\xa1 em junho/18'
2018-05-23 16:14:41,b'@mwbotelho @LATAM_BRA @LATAMAirlines @Multiplus @MultiplusAtende Em janeiro me falaram que s\xc3\xb3 terminar\xc3\xa1 em junho/18'
2018-05-23 15:58:43,b'E a migra\xc3\xa7\xc3\xa3o do sistema da @LATAM_BRA @LATAMAirlines @Multiplus @MultiplusAtende n\xc3\xa3o acaba nunca...assim como os pr\xe2\x80\xa6 https://t.co/tjPvEz16Rc'
2018-05-23 13:28:22,"b'@LATAMAirlines bom dia, tenho uma viagem para o chile dia 12/07 o numero do voo \xc3\xa9 8116. Voc\xc3\xaas mudaram ele das 06:00\xe2\x80\xa6 https://t.co/gNWGhjvcWd'"
2018-05-23 12:36:58,"b'@LATAMAirlines pedi um reembolso a mais de 20 dias , porem ainda n\xc3\xa3o recebi sequer um numero de protocolo ou email,\xe2\x80\xa6 https://t.co/3V8TJbmshG'"
2018-05-23 11:22:15,b'@Jorge12Ana @clarincom @MarianoMcain @LATAMAirlines P\xc3\xa9sima Latam'
2018-05-23 07:54:24,"b'Desde as 17:00 em BSB entrei e sai j\xc3\xa1 de 2 avi\xc3\xb5es tentando ir pra Manaus, funcion\xc3\xa1rios desinformados e despreparado\xe2\x80\xa6 https://t.co/y7EeiMzhR6'"
2018-05-22 22:44:24,b'@LATAM_BRA @LATAMAirlines possuo um valor para utilizar em cr\xc3\xa9ditos e quando ligo me dizem que tenho que aguardar u\xe2\x80\xa6 https://t.co/6LcPEMqez1'
2018-05-22 22:02:12,b'@LATAMAirlines qual o custo de bagagem despachada?'
2018-05-22 21:58:03,b'@SousaThayh Eu tamb\xc3\xa9m queria saber oq eu to fazendo aqui que n\xc3\xa3o estou ai com voc\xc3\xaa\xf0\x9f\x98\xad\xf0\x9f\x98\xad\xf0\x9f\x98\xad\xf0\x9f\x98\xad\xf0\x9f\x98\xad. Seria demais pedir uma pas\xe2\x80\xa6 https://t.co/NkJ7NPBlSG'
2018-05-22 21:53:40,b'E a saga com a @Multiplus @MultiplusAtende @LATAMAirlines @LATAM_BRA continua. Cap\xc3\xadtulo 2...a volta t\xc3\xa1 t\xc3\xa3o complica\xe2\x80\xa6 https://t.co/Kh8MfpOILM'
2018-05-22 21:03:38,b'RT @pmattosc: @LATAMAirlines  avi\xc3\xa3o com problemas t\xc3\xa9cnicos no voo LA2374! \xc3\x89 o segundo voo em 1 semana. Latam \xc3\xa9 a pior empresa da Am. Sul'
2018-05-22 20:56:35,b'RT @pmattosc: @LATAMAirlines  avi\xc3\xa3o com problemas t\xc3\xa9cnicos no voo LA2374! \xc3\x89 o segundo voo em 1 semana. Latam \xc3\xa9 a pior empresa da Am. Sul'
2018-05-22 20:53:43,b'RT @dshiroki: @LATAMAirlines sempre dando um jeito de promover p\xc3\xa9ssimas experi\xc3\xaancias. plano de conting\xc3\xaancia para aeroporto fechado \xc3\xa9 basica\xe2\x80\xa6'
2018-05-22 20:50:03,b'RT @dshiroki: @LATAMAirlines sempre dando um jeito de promover p\xc3\xa9ssimas experi\xc3\xaancias. plano de conting\xc3\xaancia para aeroporto fechado \xc3\xa9 basica\xe2\x80\xa6'
2018-05-22 15:59:31,b'E a\xc3\xad @azulinhasaereas @LATAMAirlines @VoeGOLoficial @Avianca @passaredo QUANDO voc\xc3\xaas v\xc3\xa3o pensar em reduzir o uso de\xe2\x80\xa6 https://t.co/6UzTEweCm0'
2018-05-22 14:26:57,"b'@LATAMAirlines preciso imprimir minhas passagens, comprovante de passagem, entretanto ainda n\xc3\xa3o est\xc3\xa1 disponivel o c\xe2\x80\xa6 https://t.co/n9cpbsSPGk'"
2018-05-22 14:26:49,"b'@LATAMAirlines qual o valor para adicionar, com anteced\xc3\xaancia, uma segunda mala de 23kg a minha viagem? J\xc3\xa1 tenho uma\xe2\x80\xa6 https://t.co/8faIKXHkre'"
2018-05-22 13:18:29,b'@LATAMAirlines sempre dando um jeito de promover p\xc3\xa9ssimas experi\xc3\xaancias. plano de conting\xc3\xaancia para aeroporto fechad\xe2\x80\xa6 https://t.co/F9G7pynd51'
2018-05-21 22:28:18,b'@LATAMAirlines  avi\xc3\xa3o com problemas t\xc3\xa9cnicos no voo LA2374! \xc3\x89 o segundo voo em 1 semana. Latam \xc3\xa9 a pior empresa da Am. Sul'
2018-05-21 20:01:10,b'RT @felipebonatto_: @LATAMAirlines vcs bem que podiam oferecer um pouco mais de conforto pros passageiros n\xc3\xa9... 14h de voo e eu n\xc3\xa3o tenho d\xe2\x80\xa6'
2018-05-21 19:48:12,b'RT @felipebonatto_: @LATAMAirlines vcs bem que podiam oferecer um pouco mais de conforto pros passageiros n\xc3\xa9... 14h de voo e eu n\xc3\xa3o tenho d\xe2\x80\xa6'
2018-05-21 19:10:18,b'@LATAMAirlines @LATAMAirlines devo desistir ou voc\xc3\xaas v\xc3\xa3o me dar algum retorno?'
2018-05-21 19:04:15,b'@LATAMAirlines gostaria de saber onde posso obter o comprovante da compra do espa\xc3\xa7o + que fiz e at\xc3\xa9 agora nao chego\xe2\x80\xa6 https://t.co/aVifGHDETs'
2018-05-21 18:55:53,b'@LATAMAirlines EL CODIGO DE RESERVA ES JKKXGI'
2018-05-21 18:33:32,"b'Boa tarde\nTenho uma duvida, no site informa as dimens\xc3\xb5es e o peso da bagagem de m\xc3\xa3o, mas n\xc3\xa3o informa o peso do item\xe2\x80\xa6 https://t.co/l3YRvxBNnh'"
2018-05-21 17:35:38,b'@LATAMAirlines vcs bem que podiam oferecer um pouco mais de conforto pros passageiros n\xc3\xa9... 14h de voo e eu n\xc3\xa3o ten\xe2\x80\xa6 https://t.co/xuz5yo0hs5'
2018-05-21 14:52:46,b'@MonikaKoniuszek @RAFAELNERIS @LATAM_BRA @LATAMAirlines Boa tarde! Voc\xc3\xaa pode registrar sua reclama\xc3\xa7\xc3\xa3o no\xe2\x80\xa6 https://t.co/I1iFNYXIob'
2018-05-21 12:43:45,b'@LATAMAirlines ostaria de informa\xc3\xa7\xc3\xb5es de como fazer a marca\xc3\xa7\xc3\xa3o de assentos do meu v\xc3\xb4o (c\xc3\xb3digo CUSZZS). S\xc3\xa3o 3 passag\xe2\x80\xa6 https://t.co/Nc4RYKTXII'
2018-05-21 12:00:14,"b'@LATAMAirlines Oi, gostaria de saber como posso obter meu localizador de novo. Eu o perdi e nao consigo encontr\xc3\xa1-lo.'"
2018-05-21 02:12:19,b'S\xc3\xb3 acontece na @LATAMAirlines passageira foge do v\xc3\xb4o por contando celular. E n\xc3\xb3s tendo q esperar. #atraso40'
2018-05-21 01:42:14,b'P\xc3\xa9simo @LATAMAirlines'
2018-05-20 23:57:27,b'RT @mwbotelho: Mais uma reclama\xc3\xa7\xc3\xa3o @ReclameAQUI contra a @LATAMAirlines @LATAM_BRA @Multiplus @MultiplusAtende                           ht\xe2\x80\xa6'
2018-05-20 22:41:02,"b'@eduifonseca @Multiplus @LATAMAirlines Divido do mesmo problema, tem que ser quando eles querem e nao quando o usuario precisa. Piada.'"
2018-05-20 22:40:22,"b'RT @eduifonseca: @Multiplus; @LATAMAirlines, gostaria de compartilhar minha frustra\xc3\xa7\xc3\xa3o com o p\xc3\xa9ssimo servi\xc3\xa7o e atendimento de voc\xc3\xaas. Como \xc3\xa9\xe2\x80\xa6'"
2018-05-20 20:34:24,b'RT @d_acunha: @LATAMAirlines o atendimento ao cliente de voc\xc3\xaas deixou de funcionar? Mais de 3 semanas esperando os pontos do meus v\xc3\xb4os LATA\xe2\x80\xa6'
2018-05-20 20:21:48,b'RT @d_acunha: @LATAMAirlines o atendimento ao cliente de voc\xc3\xaas deixou de funcionar? Mais de 3 semanas esperando os pontos do meus v\xc3\xb4os LATA\xe2\x80\xa6'
2018-05-20 20:18:58,b'RT @d_acunha: @LATAMAirlines o atendimento ao cliente de voc\xc3\xaas deixou de funcionar? Mais de 3 semanas esperando os pontos do meus v\xc3\xb4os LATA\xe2\x80\xa6'
2018-05-20 17:08:30,b'@LATAMAirlines o atendimento ao cliente de voc\xc3\xaas deixou de funcionar? Mais de 3 semanas esperando os pontos do meus\xe2\x80\xa6 https://t.co/RWBQ8nG45k'
2018-05-20 02:17:30,b'Mais uma reclama\xc3\xa7\xc3\xa3o @ReclameAQUI contra a @LATAMAirlines @LATAM_BRA @Multiplus @MultiplusAtende\xe2\x80\xa6 https://t.co/BpcBnhdGUP'
2018-05-19 22:33:22,b'@LATAM_BRA depois de mudar meus voos ALGUMAS vezes agora a #latamairlines quer q eu v\xc3\xa1 at\xc3\xa9 o aeroporto p/ realizar\xe2\x80\xa6 https://t.co/eKNuKMwMtX'
2018-05-19 17:28:41,b'RT @RAFAELNERIS: @LATAM_BRA @LATAMAirlines gostaria por favor o contato do jur\xc3\xaddico se vcs ? Cansei de esperar !! #anac #desrespeito #absur\xe2\x80\xa6'
2018-05-19 17:19:41,b'@RAFAELNERIS @LATAM_BRA @LATAMAirlines @proconpr podem ajudar?'
2018-05-19 17:19:17,b'RT @RAFAELNERIS: @LATAM_BRA @LATAMAirlines gostaria por favor o contato do jur\xc3\xaddico se vcs ? Cansei de esperar !! #anac #desrespeito #absur\xe2\x80\xa6'
2018-05-19 16:49:12,b'@LATAMAirlines Gostaria de informa\xc3\xa7\xc3\xb5es de como fazer a marca\xc3\xa7\xc3\xa3o de assentos do meu v\xc3\xb4o (c\xc3\xb3digo CUSZZS). S\xc3\xa3o 3 passa\xe2\x80\xa6 https://t.co/dtNyIbeQxo'
2018-05-19 15:44:24,b'@LATAMAirlines se eu alterar o meu hor\xc3\xa1rio de voo eu pago alguma taxa?'
2018-05-19 12:33:55,b'@LATAM_BRA @LATAMAirlines gostaria por favor o contato do jur\xc3\xaddico se vcs ? Cansei de esperar !! #anac #desrespeito #absurdo'
2018-05-19 08:31:28,"b'@ckmzo Ol\xc3\xa1 Topson, pedimos desculpas pela demora. Para um atendimento imediato em portugu\xc3\xaas, nos contate pelo perfi\xe2\x80\xa6 https://t.co/B8YQMzUGq0'"
2018-05-19 08:30:59,"b'@sauloe Ol\xc3\xa1 Saulo, pedimos desculpas pela demora. Para um atendimento imediato em portugu\xc3\xaas, nos contate pelo perfi\xe2\x80\xa6 https://t.co/H2AdyQJhPc'"
2018-05-19 08:28:34,"b'@joelsonbezerra5 [+] Lembramos, no entanto, que o voo de Orlando para Miami n\xc3\xa3o \xc3\xa9 operado por n\xc3\xb3s, dessa forma, voc\xe2\x80\xa6 https://t.co/bYOR0MbzNN'"
2018-05-19 08:28:25,"b'@joelsonbezerra5 Ol\xc3\xa1 Joelson, pedimos desculpas pela demora. Para um atendimento imediato em portugu\xc3\xaas, nos contate\xe2\x80\xa6 https://t.co/t8KeN1QOWJ'"
2018-05-19 08:27:17,"b'@TecConsciencial Ol\xc3\xa1, pedimos desculpas pela demora. Para um atendimento imediato em portugu\xc3\xaas, nos contate pelo pe\xe2\x80\xa6 https://t.co/9F0utTC8Go'"
2018-05-19 08:20:01,b'@martinezpmsc [+] o n\xc3\xbamero do bilhete e seu e-mail para fazermos o envio do comprovante de embarque. Estamos \xc3\xa0 disposi\xc3\xa7\xc3\xa3o.'
2018-05-19 08:19:46,"b'@martinezpmsc Ol\xc3\xa1 Martinez, pedimos desculpas pela demora. Para um atendimento imediato em portugu\xc3\xaas, nos contate p\xe2\x80\xa6 https://t.co/pHRYoW7aMu'"
2018-05-19 08:18:53,b'@fabioivancap [+]  indicados. Estamos \xc3\xa0 disposi\xc3\xa7\xc3\xa3o.'
2018-05-19 08:18:45,b'@fabioivancap [+] contato com a nossa Central de Vendas antes do voo de ida ocorrer para ter o trecho de retorno se\xe2\x80\xa6 https://t.co/gK9mh2M7Oz'
2018-05-19 08:18:30,"b'@fabioivancap Ol\xc3\xa1 Fabio, pedimos desculpas pela demora. Para um atendimento imediato em portugu\xc3\xaas, nos contate pelo\xe2\x80\xa6 https://t.co/KuV5FD9F7N'"
2018-05-19 08:16:31,"b'@ZewilsonJose [+] Caso ainda precise de auxilio, nos contate por um desses perfis indicados. Estamos \xc3\xa0 disposi\xc3\xa7\xc3\xa3o.'"
2018-05-19 08:16:22,"b'@ZewilsonJose Ol\xc3\xa1 Jose, pedimos desculpas pela demora. Para um atendimento imediato em portugu\xc3\xaas, nos contate pelo\xe2\x80\xa6 https://t.co/Mxkw5Soab2'"
2018-05-19 08:15:29,"b'@philipeScortez [+] Caso ainda precise de auxilio, nos contate por um desses perfis indicados. Estamos \xc3\xa0 disposi\xc3\xa7\xc3\xa3o.'"
2018-05-19 08:15:18,"b'@philipeScortez Ol\xc3\xa1 Philipe, pedimos desculpas pela demora. Para um atendimento imediato em portugu\xc3\xaas, nos contate\xe2\x80\xa6 https://t.co/NC5mEWauAZ'"
2018-05-19 08:03:22,"b'@jpcn Ol\xc3\xa1 Jo\xc3\xa3o, pedimos desculpas pela demora. Para um atendimento imediato em portugu\xc3\xaas, nos contate pelo perfil L\xe2\x80\xa6 https://t.co/FsY9jawTc3'"
2018-05-19 07:27:44,"b'@AndreStroeher Ol\xc3\xa1 Andre, para solicitar status match o Cliente deve ter, pelo menos, status Gold no programa Latam\xe2\x80\xa6 https://t.co/RbQ3OP5Blj'"
2018-05-19 06:37:42,"b'@lannakaren [+] ser\xc3\xa1 utilizado para fazer uma nova compra, mediante disponibilidade do voo, de tarifa, e de taxa de\xe2\x80\xa6 https://t.co/LlHWcDdIba'"
2018-05-19 06:37:32,b'@lannakaren [+] n\xc3\xa3o pode ser substitu\xc3\xaddo o passageiro. O que sim pode ser visto \xc3\xa9 utilizar o cr\xc3\xa9dito da passagem pa\xe2\x80\xa6 https://t.co/8uaNffUFV0'
2018-05-19 06:37:16,"b'@lannakaren Ol\xc3\xa1, pedimos desculpas pela demora. Para um atendimento imediato em portugu\xc3\xaas, nos contate pelo perfil\xe2\x80\xa6 https://t.co/HAGPDLzrEZ'"
2018-05-19 06:31:24,"b'@mbtorres Ol\xc3\xa1 Marcelo, pedimos desculpas pela demora. Para um atendimento imediato em portugu\xc3\xaas, nos contate pelo p\xe2\x80\xa6 https://t.co/5S2JvcUFyY'"
2018-05-19 06:27:50,"b'@ppalits Ol\xc3\xa1 Pablo, pedimos desculpas pela demora. Para um atendimento imediato em portugu\xc3\xaas, nos contate pelo perf\xe2\x80\xa6 https://t.co/HBKaAAbitB'"
2018-05-18 22:21:10,"b'RT @eduifonseca: @Multiplus; @LATAMAirlines, gostaria de compartilhar minha frustra\xc3\xa7\xc3\xa3o com o p\xc3\xa9ssimo servi\xc3\xa7o e atendimento de voc\xc3\xaas. Como \xc3\xa9\xe2\x80\xa6'"
2018-05-18 22:06:49,"b'@Multiplus; @LATAMAirlines, gostaria de compartilhar minha frustra\xc3\xa7\xc3\xa3o com o p\xc3\xa9ssimo servi\xc3\xa7o e atendimento de voc\xc3\xaas.\xe2\x80\xa6 https://t.co/Kd4BN4K0vg'"
2018-05-18 16:40:16,b'RT @FabinhaSoares: @LATAM_BRA @LATAMAirlines segue a pior cia do Brasil. Despacho desnecess\xc3\xa1rio de bagagem (s\xc3\xb3 acontece c eles e sobrando e\xe2\x80\xa6'
2018-05-18 16:40:12,b'RT @FabinhaSoares: @LATAM_BRA @LATAMAirlines al\xc3\xa9m claro da pior ponte a\xc3\xa9rea do pa\xc3\xads! Em que nem agua eh servida. \xe2\x80\x9cPassageiro frequente\xe2\x80\x9d eh\xe2\x80\xa6'
2018-05-18 16:37:46,b'RT @FabinhaSoares: @LATAM_BRA @LATAMAirlines segue a pior cia do Brasil. Despacho desnecess\xc3\xa1rio de bagagem (s\xc3\xb3 acontece c eles e sobrando e\xe2\x80\xa6'
2018-05-18 16:37:44,b'RT @FabinhaSoares: @LATAM_BRA @LATAMAirlines al\xc3\xa9m claro da pior ponte a\xc3\xa9rea do pa\xc3\xads! Em que nem agua eh servida. \xe2\x80\x9cPassageiro frequente\xe2\x80\x9d eh\xe2\x80\xa6'
2018-05-18 16:36:51,b'RT @PatasRamirez: @LATAMAirlines imposs\xc3\xadvel solicitar os pontos de voos realizados..diz que o nro do bilhete est\xc3\xa1 errado...o site \xc3\xa9 t\xc3\xa3o rui\xe2\x80\xa6'
2018-05-18 15:38:11,b'@LATAMAirlines @LATAMAirlines j\xc3\xa1 tem alguma resposta?'
2018-05-18 12:51:04,b'@LATAMAirlines imposs\xc3\xadvel solicitar os pontos de voos realizados..diz que o nro do bilhete est\xc3\xa1 errado...o site \xc3\xa9 t\xc3\xa3o ruim...'
2018-05-18 11:29:30,b'@LATAM_BRA @LATAMAirlines al\xc3\xa9m claro da pior ponte a\xc3\xa9rea do pa\xc3\xads! Em que nem agua eh servida. \xe2\x80\x9cPassageiro frequente\xe2\x80\xa6 https://t.co/vLKffWUfOB'
2018-05-18 11:28:23,b'@LATAM_BRA @LATAMAirlines segue a pior cia do Brasil. Despacho desnecess\xc3\xa1rio de bagagem (s\xc3\xb3 acontece c eles e sobra\xe2\x80\xa6 https://t.co/hfOvb2NnUh'
2018-05-18 00:19:36,b'@LATAMAirlines voc\xc3\xaas n\xc3\xa3o querem mais vender passagem a\xc3\xa9rea ? Site n\xc3\xa3o funciona. App n\xc3\xa3o faz login. Que cacete voc\xc3\xaas\xe2\x80\xa6 https://t.co/09jF1FKs1D'
2018-05-18 00:16:56,b'Que triste ver a @LATAMAirlines envolvidos com @gleisi QUE VERGONHA! Repenso quando for comprar passagem a\xc3\xa9rea... #bolsonaro2018'
2018-05-17 23:41:01,"b'RT @jpcn: @LATAMAirlines latam desistiu de atender. Cancelaram meu voo, trocaramele, agora \xc3\xa9 IMPOSS\xc3\x8dVEL fazer a viagem pq a conex\xc3\xa3o foi tra\xe2\x80\xa6'"
2018-05-17 23:36:29,"b'RT @jpcn: @LATAMAirlines latam desistiu de atender. Cancelaram meu voo, trocaramele, agora \xc3\xa9 IMPOSS\xc3\x8dVEL fazer a viagem pq a conex\xc3\xa3o foi tra\xe2\x80\xa6'"
2018-05-17 22:14:39,"b'@LATAMAirlines Ok, acabei de enviar.'"
2018-05-17 21:51:23,"b'@LATAMAirlines latam desistiu de atender. Cancelaram meu voo, trocaramele, agora \xc3\xa9 IMPOSS\xc3\x8dVEL fazer a viagem pq a c\xe2\x80\xa6 https://t.co/oJ6LMxEORn'"
2018-05-17 20:46:17,b'@LATAMAirlines como devo proceder para solicitar reembolso de um adicional de bagagem que comprei e n\xc3\xa3o vou utilizar?'
2018-05-17 18:17:40,"b'RT @geomargarciard: Buen aterrizaje en Curitiba, Brasil procedente de S\xc3\xa3o Paulo, en @LATAMAirlines pero falta alegria de aplausos de pasaje\xe2\x80\xa6'"
2018-05-17 18:16:54,"b'Buen aterrizaje en Curitiba, Brasil procedente de S\xc3\xa3o Paulo, en @LATAMAirlines pero falta alegria de aplausos de pa\xe2\x80\xa6 https://t.co/s4N6mlMcwy'"
2018-05-17 02:46:38,b'@LATAM_BRA @LATAMAirlines obrigado pelas respostas. Vou de @azulinhasaereas https://t.co/YuwITWfmjy'
2018-05-17 01:58:39,b'@LATAMAirlines que voo p\xc3\xa9ssimo esse 4501. O que houve com a qualidade de vcs?'
2018-05-17 01:38:53,"b'@LATAMAirlines estou tentando efetuar uma compra mas n\xc3\xa3o consigo, chega em uma etapa que n\xc3\xa3o avan\xc3\xa7a. Pior que eu j\xc3\xa1\xe2\x80\xa6 https://t.co/86YeyNzS2r'"
2018-05-17 01:31:11,"b'@LATAMAirlines oi, estou tentando fazer uma compra com um cartao emitido em outro pa\xc3\xads, mas o site fica me pedindo\xe2\x80\xa6 https://t.co/geaYWFimHt'"
2018-05-16 23:19:39,"b'Algu\xc3\xa9m sabe me informar se o valor de R$ 330,30 por uma mala extra de 23 kg \xc3\xa9 ida e volta do destino, ou na volta e\xe2\x80\xa6 https://t.co/sSIsMC6188'"
2018-05-16 18:49:11,b'V\xc3\xb4o da  @LATAMAirlines atrasadissimo na pista de Congonhas...o comandante disse q ainda esperarmos 20 minutos... Evitem!'
2018-05-16 16:56:16,"b'RT @mwbotelho: At\xc3\xa9 qdo o sistema @LATAM_BRA @LATAMAirlines ficar\xc3\xa1 em migra\xc3\xa7\xc3\xa3o?                 Qdo conseguirei pesquisar passagens, por pon\xe2\x80\xa6'"
2018-05-16 16:46:29,b'@soldadluiz @LATAM_BRA @LATAM_CHI @LATAMAirlines @proconpr @SERNAC De nada! Tudo de bom e muita sorte'
2018-05-16 16:24:52,b'@MonikaKoniuszek @LATAM_BRA @LATAM_CHI @LATAMAirlines @proconpr @SERNAC Obrigado'
2018-05-16 16:23:11,"b'RT @soldadluiz: @LATAM_BRA @LATAM_CHI @LATAMAirlines Se n\xc3\xa3o corrigirem o problema hoje, vou procurar os \xc3\xb3rg\xc3\xa3os de defesa do consumidor para\xe2\x80\xa6'"
2018-05-16 16:22:14,"b'@LATAM_BRA @LATAM_CHI @LATAMAirlines Se n\xc3\xa3o corrigirem o problema hoje, vou procurar os \xc3\xb3rg\xc3\xa3os de defesa do consumi\xe2\x80\xa6 https://t.co/2foSCEiRb3'"
2018-05-16 14:54:34,b'@LATAMAirlines meu voo sumiu. Viajo daqui a 18 horas e n\xc3\xa3o localizam minha passagem.'
2018-05-16 14:18:00,b'@LATAMAirlines n\xc3\xa3o estou conseguindo antecipar meu voo de hoje seja pelo aplicativo mas tamb\xc3\xa9m pelo site. Podem me ajudar?'
2018-05-16 13:55:41,b'RT @ZewilsonJose: @LATAMAirlines Algu\xc3\xa9m j\xc3\xa1 tentou recuperar a senha do fidelidade ? Sugiro q procure a igreja mais pr\xc3\xb3x e reze por um milag\xe2\x80\xa6'
2018-05-16 13:42:02,b'@Multiplus @LATAM_BRA @LATAM_CHI @LATAMAirlines Olhem a DM que mandei. URGeNTE. Resolvam essa confus\xc3\xa3o de unifica\xc3\xa7\xc3\xa3\xe2\x80\xa6 https://t.co/JClhZHCkeD'
2018-05-16 03:45:35,b'@LATAMAirlines nao consigo pagar a minha passagem parece que o sistema de voces acha que eu nao sei qual e o meu pr\xe2\x80\xa6 https://t.co/RoGBaZYcgO'
2018-05-16 02:33:01,b'At\xc3\xa9 qdo o sistema @LATAM_BRA @LATAMAirlines ficar\xc3\xa1 em migra\xc3\xa7\xc3\xa3o?                 Qdo conseguirei pesquisar passagens\xe2\x80\xa6 https://t.co/KZQ6QYO3sa'
2018-05-16 00:02:32,b'Alou latamairlines 20 minutos! Na pista sem\xe2\x80\xa6 https://t.co/kWOiOY0V4s'
2018-05-15 23:29:51,b'@LATAMAirlines Algu\xc3\xa9m j\xc3\xa1 tentou recuperar a senha do fidelidade ? Sugiro q procure a igreja mais pr\xc3\xb3x e reze por um milagre.P\xc3\xa9ssimo servi\xc3\xa7o.'
2018-05-15 23:01:12,b'Onde localizo no site @LATAMAirlines @LATAM_BRA op\xc3\xa7\xc3\xa3o para pesquisa de voos com pontos @Multiplus @MultiplusAtende\xe2\x80\xa6 https://t.co/VJIo5SkTxI'
2018-05-15 21:33:51,"b'#TAM #LATAM consegue piorar o servi\xc3\xa7o de avia\xc3\xa7\xc3\xa3o comercial. N\xc3\xa3o \xc3\xa9 poss\xc3\xadvel antecipar pelo app, n\xc3\xa3o \xc3\xa9 poss\xc3\xadvel diret\xe2\x80\xa6 https://t.co/DLk0T1eieg'"
2018-05-15 21:06:14,"b'ola , se eu n\xc3\xa3o usar o trecho de ida , posso usar o de volta normalmente , certo ? @LATAMAirlines'"
2018-05-15 20:20:09,b'@LATAMAirlines Como fa\xc3\xa7o para obter uma segunda via de meus bilhetes de viagem j\xc3\xa1 realizadas?'
2018-05-15 19:06:46,b'RT @socorrolago: @zehnetto Um absurdo!\nEnviei msg hoje reclamando e e a @LATAMAirlines  @LATAM_BRA nem a\xc3\xad.\nMuitos clientes indignados!'
2018-05-15 18:57:18,b'RT @joelsonbezerra5: @LATAMAirlines perdemos o voo de orlando pra miami e nao tem ninguem da Latam no aeroporto para ajudar'
2018-05-15 18:54:54,b'RT @joelsonbezerra5: @LATAMAirlines perdemos o voo de orlando pra miami e nao tem ninguem da Latam no aeroporto para ajudar'
2018-05-15 18:52:09,b'RT @mwbotelho: Ate agora estou esperando h\xc3\xa1 25 minutos pela @LATAMAirlines me passar a info de passagens com pontos @MultiplusAtende @Multi\xe2\x80\xa6'
2018-05-15 18:49:31,b'@proconpr @mwbotelho @LATAMAirlines @MultiplusAtende @Multiplus @traveloneworld @consumidor_gov @ReclameAQUI Bravo @proconpr \xf0\x9f\x91\x8c\xf0\x9f\x91\x8f'
2018-05-15 18:49:03,b'RT @mwbotelho: Ate agora estou esperando h\xc3\xa1 25 minutos pela @LATAMAirlines me passar a info de passagens com pontos @MultiplusAtende @Multi\xe2\x80\xa6'
2018-05-15 18:16:45,b'@LATAMAirlines @LATAM_BRA  DM  \n\nestou prescisando de ajudaaa'
2018-05-15 18:05:38,"b'@LATAM_BRA @LATAMAirlines liberaram o multidestino?!? #sqn \xe2\x9c\x88\xe2\x9c\x88\xe2\x9c\x88\nConsigo simular somente ida, ida e volta e quando vo\xe2\x80\xa6 https://t.co/eE18nsROGW'"
2018-05-15 15:54:53,"b'@LATAMAirlines que ""viagem""! \xf0\x9f\x98\x82\xf0\x9f\xa4\x97 https://t.co/yQWVUDDTHC'"
2018-05-15 15:00:41,b'@mwbotelho @LATAMAirlines @MultiplusAtende @Multiplus @traveloneworld @consumidor_gov @ReclameAQUI Boa tarde\xe2\x80\xa6 https://t.co/vyFCcRZkEH'
2018-05-15 13:16:40,"b'@LATAMAirlines fa\xc3\xa7o artesanato. Posso levar canivete, pin\xc3\xa7a e alicate na bagagem de m\xc3\xa3o? Como n\xc3\xa3o terei bagagem des\xe2\x80\xa6 https://t.co/4F94uJtOhp'"
2018-05-15 12:57:13,b'@LATAMAirlines perdemos o voo de orlando pra miami e nao tem ninguem da Latam no aeroporto para ajudar'
2018-05-15 04:06:18,"b'RT @socorrolago: E a @LATAMAirlines Fidelidade ainda informa que tem quase 15 milh\xc3\xb5es de clientes. @LATAMAirlines, a decis\xc3\xa3o \xc3\xa9 p\xc3\xa9ssima!!!'"
2018-05-15 04:05:57,b'RT @dfmoulin: Sempre gostei de viajar com @LATAMAirlines mas desde que houve a fus\xc3\xa3o com a Lan ficou impratic\xc3\xa1vel. Antigamente fazia VIX-MC\xe2\x80\xa6'
2018-05-15 01:51:04,"b'@socorrolago @LATAMAirlines @LATAM_BRA Milhas sempre foram pessoais, ainda acho poder emitir pra 25 pessoas diferen\xe2\x80\xa6 https://t.co/NZQNijYvxj'"
2018-05-15 01:34:59,b'@zehnetto @LATAMAirlines @LATAM_BRA Acho que n\xc3\xa3o. As regras poderiam ser mudadas para novas ades\xc3\xb5es..Elas se tornar\xe2\x80\xa6 https://t.co/dzIJQNcdRv'
2018-05-15 00:35:46,b'@socorrolago @LATAMAirlines @LATAM_BRA Mas eles tao no direito. Infelizmente.'
2018-05-24 15:17:01,"b'@Joe34359151 Hi Joe, we are worried about your comments, and we are sorry for all the inconveniences caused. In ord\xe2\x80\xa6 https://t.co/jA1c3l4NdY'"
2018-05-24 14:23:09,"b'@LATAMAirlines LATAM if you dont make things right, i will take to the internet to show all travelers what thieves\xe2\x80\xa6 https://t.co/zcCmIZ0H2V'"
2018-05-24 11:22:21,b'The Airport Economist Peru \xf0\x9f\x87\xb5\xf0\x9f\x87\xaa episode coming soon #LATAMAirlines https://t.co/K25lyzT0pv'
2018-05-24 11:14:22,b'RT @7SpottingMUC: Latam Airbus A350-900 in service for Qatat Airways @LATAMAirlines https://t.co/vkvqFXUzDu'
2018-05-24 11:07:29,b'RT @Mcostravelprax: @LATAMAirlines Travelers be warned.  Peru\xe2\x80\x99s infrastructure is unstable.  Frequent travel strikes/protests will impact y\xe2\x80\xa6'
2018-05-24 11:05:29,b'Thank you @LATAMAirlines for offering me such a great compensation for my 28 hours luggage delay. Thanks to your wo\xe2\x80\xa6 https://t.co/YdhSfywjax'
2018-05-24 10:48:59,b'Latam Airbus A350-900 in service for Qatat Airways @LATAMAirlines https://t.co/vkvqFXUzDu'
2018-05-24 10:02:37,b'@TruckStopToday @LATAMAirlines @SageCareLtd @magidesign @Advantage_Ltd @RawArtistsUK @asmukltd @GFM_Films\xe2\x80\xa6 https://t.co/35M8ZpPozB'
2018-05-24 09:56:56,b'RT @TruckStopToday: Head over to #CodaStudios and grab one of the many gourmet grilled baguettes from #SlowFoodTruckChef who will be servin\xe2\x80\xa6'
2018-05-24 09:50:03,b'Head over to #CodaStudios and grab one of the many gourmet grilled baguettes from #SlowFoodTruckChef who will be se\xe2\x80\xa6 https://t.co/LsBkbVUNB3'
2018-05-24 08:19:01,b'@NuriaSa64231654 Hi. Thank you for writing us. We have three variations of the B767-300. One model (B767-300/V2) do\xe2\x80\xa6 https://t.co/8lyZPyh0Aa'
2018-05-24 03:51:04,b'@LATAMAirlines does plane Boeing 767-300 have USB outlets to charge my phone?'
2018-05-24 02:53:15,b'@LATAMAirlines Travelers be warned.  Peru\xe2\x80\x99s infrastructure is unstable.  Frequent travel strikes/protests will impa\xe2\x80\xa6 https://t.co/Cse0Y3qqDX'
2018-05-24 02:17:43,b'after 3 days of distress I finally got my luggage back. thanks to everyone who sent me messages of support :) https://t.co/SPJmkfhlfC'
2018-05-23 21:50:55,b'@_rchaves_ soon in @LATAMAirlines \xf0\x9f\x98\x82 https://t.co/TiVMoQqbDx'
2018-05-23 21:47:01,"b'@lilrefuseniky Hi, thank you for contacting us. Your satisfaction is our top priority. In order to assist you, we k\xe2\x80\xa6 https://t.co/tMFrQ3B3zT'"
2018-05-23 18:48:43,b'@LATAMAirlines I settled a complaint for a $200 voucher and never received that voucher. I would now like that vouc\xe2\x80\xa6 https://t.co/coPk3vcHHo'
2018-05-23 18:40:57,"b'@Hombrealado1 @Office365 Same as @LATAMAirlines, i guess ... \xf0\x9f\xa4\xaa'"
2018-05-23 15:16:07,"b'@NickBailey86 Nicholas, for security reasons, we suggest you delete this tweet since it has personal information. T\xe2\x80\xa6 https://t.co/lOs6T15jFn'"
2018-05-23 12:53:24,b'@LATAMAirlines CAIN'
2018-05-23 12:21:07,"b'RT @SecretFlying: Non-stop from Sao Paulo, Brazil to Johannesburg, South Africa for only $391 USD roundtrip with @LATAMAirlines &amp; @flysaa.\xe2\x80\xa6'"
2018-05-23 12:13:28,"b'Non-stop from Sao Paulo, Brazil to Johannesburg, South Africa for only $391 USD roundtrip with LATAMAirlines &amp; flys\xe2\x80\xa6 https://t.co/SgjY3KV4Dv'"
2018-05-23 12:11:03,"b'Non-stop from Sao Paulo, Brazil to Johannesburg, South Africa for only $391 USD roundtrip with @LATAMAirlines &amp;\xe2\x80\xa6 https://t.co/kGbdpGsw3S'"
2018-05-23 11:50:34,"b'@NickBailey86 Hi, Nicholas. In order to assist you, please give us via DM your booking code or ticket number, as we\xe2\x80\xa6 https://t.co/r91jXogzaU'"
2018-05-23 11:39:11,b'@LATAMAirlines please can you explain why you cancelled my 10am flight from S\xc3\xa3o Paulo to Rio at the last minute?! W\xe2\x80\xa6 https://t.co/oGUv0RVZ2a'
2018-05-23 11:29:42,b'@gaitha We are really sorry for the delay taken but we assure we are currently working on it. Thanks for your comprehension.'
2018-05-23 10:45:23,b'RT @gaitha: 3 DAYS. Where is my luggage? @KLM @KLM_UK @LATAMAirlines @LatamIndignados https://t.co/Q83ALiYBaG'
2018-05-23 10:23:14,b'3 DAYS. Where is my luggage? @KLM @KLM_UK @LATAMAirlines @LatamIndignados https://t.co/Q83ALiYBaG'
2018-05-23 06:25:08,"b'RT @ghimlay: US-Brazil open-skies deal enters into force, paves the way for JVs between @AmericanAir / @LATAMAirlines and @azulinhasaereas\xe2\x80\xa6'"
2018-05-23 05:45:34,b'@LATAMAirlines N\xc3\xa3o consigo fazer o pagamento da minha reserva! Erro: We are not able to complete the payment for yo\xe2\x80\xa6 https://t.co/MvgIvvDBIe'
2018-05-23 04:00:24,b'@ghimlay @jonostrower @AmericanAir @LATAMAirlines @azulinhasaereas @united The News is nowhere in the Brazilian m\xc3\xaddia.'
2018-05-23 03:23:37,"b'@TaitaJaison Hello, we have direct flights everyday for the route Miami - Bogot\xc3\xa1. Regards.'"
2018-05-23 02:51:37,"b'@tbenkel Hello Thomas, thank you for contacting us. In order to assist you, please send us via DM more details rega\xe2\x80\xa6 https://t.co/D6YBOPiCYU'"
2018-05-23 01:40:39,"b'RT @ghimlay: US-Brazil open-skies deal enters into force, paves the way for JVs between @AmericanAir / @LATAMAirlines and @azulinhasaereas\xe2\x80\xa6'"
2018-05-23 01:26:33,"b'Hi.  What days do you have direct, non stop flights from MIA to BOG @LATAMAirlines'"
2018-05-23 00:30:52,"b'RT @ghimlay: US-Brazil open-skies deal enters into force, paves the way for JVs between @AmericanAir / @LATAMAirlines and @azulinhasaereas\xe2\x80\xa6'"
2018-05-22 23:17:03,"b'@mrgustavee  Hi, we do understand your concern, nevertheless, you have to contact your government entity, for infor\xe2\x80\xa6 https://t.co/kpISdmmpCI'"
2018-05-22 23:01:27,b'@LATAMAirlines I think i cant  explain myself. Do you have a sae system? Sae: need for turkish and ukranien people get visit a mexico'
2018-05-22 22:56:45,"b'RT @ghimlay: US-Brazil open-skies deal enters into force, paves the way for JVs between @AmericanAir / @LATAMAirlines and @azulinhasaereas\xe2\x80\xa6'"
2018-05-22 22:45:18,"b'RT @ghimlay: US-Brazil open-skies deal enters into force, paves the way for JVs between @AmericanAir / @LATAMAirlines and @azulinhasaereas\xe2\x80\xa6'"
2018-05-22 22:43:02,"b'RT @ghimlay: US-Brazil open-skies deal enters into force, paves the way for JVs between @AmericanAir / @LATAMAirlines and @azulinhasaereas\xe2\x80\xa6'"
2018-05-22 22:41:53,"b'RT @ghimlay: US-Brazil open-skies deal enters into force, paves the way for JVs between @AmericanAir / @LATAMAirlines and @azulinhasaereas\xe2\x80\xa6'"
2018-05-22 22:41:45,"b'RT @ghimlay: US-Brazil open-skies deal enters into force, paves the way for JVs between @AmericanAir / @LATAMAirlines and @azulinhasaereas\xe2\x80\xa6'"
2018-05-22 22:41:31,"b'RT @ghimlay: US-Brazil open-skies deal enters into force, paves the way for JVs between @AmericanAir / @LATAMAirlines and @azulinhasaereas\xe2\x80\xa6'"
2018-05-22 22:28:40,"b'@mrgustavee Hello,  thanks for contacting us, according to your request, we suggest contacting your government enti\xe2\x80\xa6 https://t.co/REBhEEE7xE'"
2018-05-22 22:27:42,"b'US-Brazil open-skies deal enters into force, paves the way for JVs between @AmericanAir / @LATAMAirlines and\xe2\x80\xa6 https://t.co/SUWEv7OClm'"
2018-05-22 21:25:26,b'RT @tbenkel: Note to myself (and anyone interestedj: Never ever #fly @LATAMAirlines again. So bad on so many levels.'
2018-05-22 21:25:01,b'Note to myself (and anyone interestedj: Never ever #fly @LATAMAirlines again. So bad on so many levels.'
2018-05-22 20:59:39,b'RT @jiq1972: @LATAMAirlines The claim had been opened right at the airport with number BSBLA10088. Don\xe2\x80\x99t think that claim you opened will b\xe2\x80\xa6'
2018-05-22 20:59:01,"b'RT @jiq1972: Great service @LATAMAirlines . Not happy with changing my flight without notice, you lost my luggage! Do you train to screw yo\xe2\x80\xa6'"
2018-05-22 20:55:47,"b'RT @FedeVelasquez1: @LATAMAirlines worst customer service ever, been trying for months to book a baby basineta and not possible. A day for\xe2\x80\xa6'"
2018-05-22 20:55:30,"b'RT @WesleydeSouza: @pmarquees So, never fly:\n- @LATAMAirlines \n- @united \n- ?'"
2018-05-22 20:53:32,b'RT @jiq1972: @LATAMAirlines The claim had been opened right at the airport with number BSBLA10088. Don\xe2\x80\x99t think that claim you opened will b\xe2\x80\xa6'
2018-05-22 20:53:28,"b'RT @jiq1972: Great service @LATAMAirlines . Not happy with changing my flight without notice, you lost my luggage! Do you train to screw yo\xe2\x80\xa6'"
2018-05-22 20:52:47,"b""Because they're a bunch of cunning thieves and manipulators @LATAMAirlines #LATAM #LATAMAirlines #boycottlatam\xe2\x80\xa6 https://t.co/5VEwq2lXBL"""
2018-05-22 20:52:05,b'@mszurmuk @LATAMAirlines That\xe2\x80\x99s what they always do; it\xe2\x80\x99s a common practice aimed to avoid solving any claim.'
2018-05-22 20:51:09,b'@WesleydeSouza @pmarquees @LATAMAirlines @united You can leave it at these two. Maybe reemphasise #LATAMAIRLINES\xe2\x80\xa6 https://t.co/wzbb7icvln'
2018-05-22 20:50:37,"b'RT @WesleydeSouza: @pmarquees So, never fly:\n- @LATAMAirlines \n- @united \n- ?'"
2018-05-22 20:50:33,b'RT @gaitha: 48 hours and still no news. shame on you @KLM @KLM_UK @LATAMAirlines @LatamIndignados https://t.co/Q83ALiYBaG'
2018-05-22 20:50:23,b'RT @RikerLynch: Hey @LATAMAirlines any chance you found my bass guitars on the flight from Santiago to Lima yesterday? Kind of have a show\xe2\x80\xa6'
2018-05-22 20:43:34,b'@MarciSury @LATAMAirlines #LATAMAirlines card payments issues\nhttps://t.co/Cl8VSg58cK'
2018-05-22 20:43:29,b'@MarciSury @LATAMAirlines #LATAMAirlines card payments issues\nhttps://t.co/Cl8VSg58cK'
2018-05-22 20:24:58,"b'RT @FedeVelasquez1: @LATAMAirlines worst customer service ever, been trying for months to book a baby basineta and not possible. A day for\xe2\x80\xa6'"
2018-05-22 20:23:04,"b'RT @mszurmuk: @LATAMAirlines Delayed Flight, Luggage didnt arrive. Registered Claim in Airport and just following up realized the employee\xe2\x80\xa6'"
2018-05-22 19:28:04,"b'@mszurmuk Hi, we understand your discomfort and want to assist you. In order to do so, please send us by DM your PI\xe2\x80\xa6 https://t.co/2D6JI7df2D'"
2018-05-22 19:06:22,b'@LATAMAirlines im from turkey and do yuou have a sae for my visa'
2018-05-22 18:35:38,b'@LATAMAirlines Ok. Will do. Thank you.'
2018-05-22 17:52:22,"b'@LATAMAirlines Delayed Flight, Luggage didnt arrive. Registered Claim in Airport and just following up realized the\xe2\x80\xa6 https://t.co/8pOwT0TA1w'"
2018-05-22 17:27:06,b'RT @nathylorie: What a problem to get a bassinet. Your contact Center is terrible. What a bad service @LATAMAirlines'
2018-05-22 16:33:13,b'@Natanael_Max @aa2000oficial @LATAMAirlines Impecable \xf0\x9f\x91\x8f\xf0\x9f\x8f\xbb'
2018-05-22 16:20:27,"b'@FedeVelasquez1 Hi, thank you for contacting us. To assist you, please give us via DM your booking code or ticket n\xe2\x80\xa6 https://t.co/KtL40IhwR8'"
2018-05-22 15:57:51,"b'@LATAMAirlines worst customer service ever, been trying for months to book a baby basineta and not possible. A day\xe2\x80\xa6 https://t.co/sLG5LblVK9'"
2018-05-22 13:21:24,"b""I've received and answered it. I'm still waiting. Thanks. https://t.co/qwyMwbRarY"""
2018-05-22 13:04:12,"b'@gaitha Hi, we have sent you an email on Sunday. Please, verify it. Thanks.'"
2018-05-22 12:16:14,b'48 hours and still no news. shame on you @KLM @KLM_UK @LATAMAirlines @LatamIndignados https://t.co/Q83ALiYBaG'
2018-05-22 11:05:24,"b'@pmarquees So, never fly:\n- @LATAMAirlines \n- @united \n- ?'"
2018-05-22 10:34:46,"b'RT @TravellerSOS: - @LATAMairlines have announced a new direct route from #Santiago, #Chile to #Cusco, #Peru which will help our team provi\xe2\x80\xa6'"
2018-05-22 10:30:16,"b'- @LATAMairlines have announced a new direct route from #Santiago, #Chile to #Cusco, #Peru which will help our team\xe2\x80\xa6 https://t.co/HVHE51hkPy'"
2018-05-22 07:26:33,"b'@Momisbuff Hello, please send us through DM your booking code, full name, route, and date of flight.'"
2018-05-22 06:50:58,b'You owe Jenna and a few other thousand passengers A REFUND @LATAMAirlines #LATAM #LATAMAirlines https://t.co/DECAEfOa5E'
2018-05-22 06:04:39,"b'@latamairlines I purchased tickets through Expedia, note on Expedia says date changes accomodated. I needed to swit\xe2\x80\xa6 https://t.co/PM7lMwnPqH'"
2018-05-22 06:03:29,"b'@_jdmxm Hello, please send us through DM your booking code, full name, route, and date of flight. Regards.'"
2018-05-22 03:08:29,"b""@jiq1972 Hi, we'll add your comments to your case in order to give you more information. We'll contact you as soon as possible. Regards."""
2018-05-22 02:57:24,"b'@LATAMAirlines I purchased a ""TOP Fare"", changeable. Turns out, according to the person I spoke, tells me that I ha\xe2\x80\xa6 https://t.co/RL43nTN79W'"
2018-05-22 01:41:50,b'@LATAMAirlines The claim had been opened right at the airport with number BSBLA10088. Don\xe2\x80\x99t think that claim you op\xe2\x80\xa6 https://t.co/WJX962xbaT'
2018-05-21 23:31:15,"b""@jiq1972 Hi, we apologize for any inconveniences this may have caused. We've generated case 10005652 in order to se\xe2\x80\xa6 https://t.co/nsh1CLWTbc"""
2018-05-21 20:21:34,b'#LATAMAirlines the longest lines in #LAX today . Cancelled flights galore'
2018-05-21 20:01:47,"b'Great service @LATAMAirlines . Not happy with changing my flight without notice, you lost my luggage! Do you train\xe2\x80\xa6 https://t.co/r6coudBNKH'"
2018-05-21 20:00:06,"b'RT @ArsenalRepubli1: @LATAMAirlines, I have a case number : 8855317. We have been trying to get our FULL Refund since February. If this can\xe2\x80\xa6'"
2018-05-21 19:50:41,"b""@ArsenalRepubli1 @LATAMAirlines I'm very sorry to have to tell you that cueto is the one responsible for all that p\xe2\x80\xa6 https://t.co/wM4wsR5DX3"""
2018-05-21 19:48:57,"b'RT @ArsenalRepubli1: @LATAMAirlines, I have a case number : 8855317. We have been trying to get our FULL Refund since February. If this can\xe2\x80\xa6'"
2018-05-21 19:47:36,b'RT @Juanfro: @LATAMAirlinesUS @LATAMAirlines does this tweet look familiar? Again having problems with reservation. Unacceptable once again\xe2\x80\xa6'
2018-05-21 19:34:42,"b'@ArsenalRepubli1 Hi, we understand your discomfort and have to inform you that we are still working on your case. W\xe2\x80\xa6 https://t.co/XOIgsfxpfR'"
2018-05-21 19:12:44,"b'@Juanfro Hi, please send us by inbox your reservation code or ticket number, names of the passengers and more detai\xe2\x80\xa6 https://t.co/OWsBLxjWNM'"
2018-05-21 18:50:10,"b'@PhillipBrandon Hi, Phillip. To assist you properly, please give us via DM your booking code or ticket number, as w\xe2\x80\xa6 https://t.co/yPJ5awpJMH'"
2018-05-21 18:30:07,b'@LATAMAirlinesUS @LATAMAirlines does this tweet look familiar? Again having problems with reservation. Unacceptable\xe2\x80\xa6 https://t.co/E6JA6JIk0t'
2018-05-21 16:58:30,"b'@LATAMAirlines, I have a case number : 8855317. We have been trying to get our FULL Refund since February. If this\xe2\x80\xa6 https://t.co/OxKpLMYxSu'"
2018-05-21 16:44:50,b'Fly @LATAMAirlines and disappointment is guaranteed. #latamsucks'
2018-05-21 15:40:53,b'@LATAMAirlines Why has my seat changed between check-in last night (11C) and this morning (37C)?'
2018-05-21 12:45:52,"b""@dafrd Hi, please send us a DM with your full name, frequent flyer number and your booking codes. We'll be attentive for your response."""
2018-05-21 09:12:42,"b'@bfeinner Hi. Thank you for writing us. According to our report, the flight LA 2477 on May 20th was cancelled due t\xe2\x80\xa6 https://t.co/77LY3ZBQIc'"
2018-05-21 09:02:50,"b""@albertsenjanne Hi. We've sent you a reply in a DM. Regards."""
2018-05-21 07:24:07,"b""RT @travldailymedia: .@LATAMAirlines looks to strengthen its core with efficiency and productivity through @AmadeusITGroup's Alt\xc3\xa9a Departur\xe2\x80\xa6"""
2018-05-21 06:09:44,"b""@LATAMAirlines Hi. I'm trying to add my trips to my account through your website, and each time, in my account it s\xe2\x80\xa6 https://t.co/SsYyApoFXL"""
2018-05-21 04:50:44,b'NEWS: @LATAMAirlines adopts @AmadeusITGroup Alt\xc3\xa9a technology to support operational efficiency https://t.co/emoM8FrKxA'
2018-05-21 04:36:39,"b""RT @travldailymedia: .@LATAMAirlines looks to strengthen its core with efficiency and productivity through @AmadeusITGroup's Alt\xc3\xa9a Departur\xe2\x80\xa6"""
2018-05-21 00:48:50,b'@LATAMAirlines Why was flight LA2477 diverted yesterday?'
2018-05-20 22:02:00,"b'RT @MESHExperience: We\xe2\x80\x99re well aware of the challenges of converting insight to impact. Taking a human-centered, lean approach to research\xe2\x80\xa6'"
2018-05-20 20:48:59,b'RT @gaitha: my full name: @LatamIndignados https://t.co/ccJtuNqYXW'
2018-05-20 17:57:53,"b'@NickBailey86  Hi, we responded you through DM. Regards.'"
2018-05-20 17:38:06,"b'@LATAMAirlines Thanks, have sent a DM'"
2018-05-20 16:38:25,b'@LATAMAirlines Which direct mail? What is the adr.'
2018-05-20 15:54:11,b'my full name: @LatamIndignados https://t.co/ccJtuNqYXW'
2018-05-20 13:37:53,"b'@BoodieBop  Hi, through this media we can assist you. In order to do so and to verify the information, please provi\xe2\x80\xa6 https://t.co/T4lTGVijIw'"
2018-05-20 13:01:39,b'@LATAMAirlines Hi. How do I contact Latam to inquire about compensation for a missed flight?'
2018-05-20 12:22:37,"b'@NickBailey86  Hi, through this media, we can assist you. In order to do so, please provide us through DM your book\xe2\x80\xa6 https://t.co/rXHyVqbj2d'"
2018-05-20 11:46:16,"b'@LATAMAirlines hi, I\xe2\x80\x99m trying to change the time of our flight tomorrow but am unable to get trough to your contact centre, can you help?'"
2018-05-20 11:03:05,"b'@gaitha Hi, we apologize for the inconveniences we may have caused. To assist you, please give us via DM your full\xe2\x80\xa6 https://t.co/1SnT7TaJre'"
2018-05-20 10:57:15,b'@gaitha @LATAMAirlines @KLM Shit'
2018-05-20 10:39:25,b'thank you @LATAMAirlines and @KLM for losing my luggage \xf0\x9f\xa4\xaf https://t.co/uj2gU2FCqL'
2018-05-20 07:56:13,b'@LATAMAirlines Ya lo hice help me please'
2018-05-20 03:13:10,"b'@irpainel Iury, we have given you response on our previous message. Regards.'"
2018-05-20 03:10:25,"b'@irpainel Iury, in order to assist you, we kindly ask you to provide your location and telephone number via DM. We\xe2\x80\xa6 https://t.co/yGF4kfp0GL'"
2018-05-20 03:04:52,"b""@LATAMAirlines Yes, that's what I tried 7 times already. I go to Multi city, select all my destinations and dates,\xe2\x80\xa6 https://t.co/lfT01sC1gd"""
2018-05-20 02:57:53,"b'@LATAMAirlines Also, no luck with using the link'"
2018-05-20 02:57:20,"b'@irpainel Iury, in fact, you only need to click on ""Multi-city"". We look forward to your comments.'"
2018-05-20 02:51:45,"b""@LATAMAirlines Just FYI, I'm trying to book multi city tickets"""
2018-05-20 02:30:03,"b'@irpainel Iury, thank you for keeping in touch with us. We invite you to make a new purchase attempt by entering th\xe2\x80\xa6 https://t.co/eLEHsiez1w'"
2018-05-20 02:07:28,"b""@LATAMAirlines I've just tried using Safari and I'm still getting the same error. https://t.co/G79SwsSY5a"""
2018-05-20 01:47:51,b'@irpainel ...We look forward to your comments. Regards.'
2018-05-20 01:47:39,"b""@irpainel Hi Iury, thank you for contacting us. We'd like to inform you that sometimes our website can be affected\xe2\x80\xa6 https://t.co/d9FeJY2PjT"""
2018-05-20 01:20:47,"b'@LATAMAirlines why am I receiving the message ""The operation was not completed, please try again later"" every time I try to book a flight?'"
2018-05-19 20:29:12,"b'@mattboschetti  Hi, in order to assist you, could you send us the following information through DM: Full name, freq\xe2\x80\xa6 https://t.co/ujJ4C4tRoT'"
2018-05-19 20:25:31,"b""@_holger @LATAMAirlines if you look at LATAM AIrlines SUCK or at least my account here on Twitter don't hesitate to\xe2\x80\xa6 https://t.co/jLUqZ9UFBz"""
2018-05-19 20:23:52,"b'@_holger @LATAMAirlines No worries! Take a look at my channel https://t.co/XdqSWMxmwB (some videos are in English,\xe2\x80\xa6 https://t.co/rIhiOdtqnm'"
2018-05-19 19:18:35,b'@LATAMAirlines Need to accredit three tickets. in the process I either get a generic error or a message saying the\xe2\x80\xa6 https://t.co/2T7CL5sbm0'
2018-05-19 17:33:59,"b""RT @SeanHmusic: @Iberia like their friends @LATAMAirlines. Unbelievable chaos. They have NO clue where my wife's luggage is. Wtf! Complete\xe2\x80\xa6"""
2018-05-19 17:33:16,"b'@mattboschetti Hello, in order to assist you, let us know if you want to buy a ticket with miles or accredit a pass\xe2\x80\xa6 https://t.co/EQ9JD58snC'"
2018-05-19 17:27:51,b'@MonikaKoniuszek @LATAMAirlines English is better.'
2018-05-19 17:27:48,"b""RT @mattboschetti: come on @LATAMAirlines, it's 2018 and you can't event properly build a website. it's been a week now trying to add miles\xe2\x80\xa6"""
2018-05-19 17:27:30,b'@_holger @LATAMAirlines Do you prefer English or Spanish ?'
2018-05-19 17:25:18,"b""RT @SeanHmusic: @Iberia like their friends @LATAMAirlines. Unbelievable chaos. They have NO clue where my wife's luggage is. Wtf! Complete\xe2\x80\xa6"""
2018-05-19 17:23:11,"b""RT @mattboschetti: come on @LATAMAirlines, it's 2018 and you can't event properly build a website. it's been a week now trying to add miles\xe2\x80\xa6"""
2018-05-19 17:19:50,"b""RT @SeanHmusic: @Iberia like their friends @LATAMAirlines. Unbelievable chaos. They have NO clue where my wife's luggage is. Wtf! Complete\xe2\x80\xa6"""
2018-05-19 17:18:22,"b""RT @mattboschetti: come on @LATAMAirlines, it's 2018 and you can't event properly build a website. it's been a week now trying to add miles\xe2\x80\xa6"""
2018-05-19 17:05:33,"b""@SeanHmusic Hi, we're still working on your case, We apologise for the delay on our response. You wil be contacted soon. Regards."""
2018-05-19 13:25:50,"b""come on @LATAMAirlines, it's 2018 and you can't event properly build a website. it's been a week now trying to add\xe2\x80\xa6 https://t.co/2TwSX7YVn4"""
2018-05-19 12:25:14,"b""@Iberia like their friends @LATAMAirlines. Unbelievable chaos. They have NO clue where my wife's luggage is. Wtf! Complete incompetence."""
2018-05-19 10:13:21,"b'@_holger Hello, you can pay your reservation here: https://t.co/P5BdiXnCZH. Also send us your booking code through DM to verify it. Regards.'"
2018-05-19 09:54:12,"b'@LATAMAirlines HI, I think I managed and found the page where I could pay.'"
2018-05-19 09:26:52,"b'@LATAMAirlines Hi, I\xe2\x80\x99ve booked a trip, but there was an error for the payment. Could you please advice me how to pa\xe2\x80\xa6 https://t.co/y53G2opPMT'"
2018-05-19 07:41:43,"b'@ManuGoesRtw Hello, your request is currently in process. As soon as we have the outcome of your case, we will contact you with the results.'"
2018-05-19 07:32:22,"b""@LATAMAirlinesUS @LATAM_AUS @LATAMAirlines CASE #9530625 - 3 MONTHS TO GET A REFUND. I'm fed up with your useless a\xe2\x80\xa6 https://t.co/JRF2QCnXCb"""
2018-05-19 07:31:59,"b""@LATAMAirlinesUS @LATAM_AUS @LATAMAirlines CASE #9530625 - 3 MONTHS TO GET A REFUND. I'm fed up with your useless a\xe2\x80\xa6 https://t.co/wXGtoIi0Jx"""
2018-05-19 07:31:28,"b""@LATAMAirlinesUS @LATAM_AUS @LATAMAirlines CASE #9530625 - 3 MONTHS TO GET A REFUND. I'm fed up with your useless a\xe2\x80\xa6 https://t.co/w8w5UKLzu9"""
2018-05-19 07:30:48,"b""@LATAMAirlines @LATAMAirlinesUS @LATAM_AUS @LATAMAirlines CASE #9530625 - 3 MONTHS TO GET A REFUND. I'm fed up with\xe2\x80\xa6 https://t.co/Io3MKT4MJx"""
2018-05-19 07:29:29,"b""@LATAMAirlinesUS @LATAM_AUS @LATAMAirlines CASE #9530625 - 3 MONTHS TO GET A REFUND. I'm fed up with your useless a\xe2\x80\xa6 https://t.co/w1Hd2Mo1wV"""
2018-05-18 22:28:44,"b'RT @AndrewComings: @LATAMAirlines If all you were going to do was repeat what the people at the counter told me, why did you waste my time?\xe2\x80\xa6'"
2018-05-18 22:28:42,"b'RT @AndrewComings: @LATAMAirlines Yes, this \xe2\x80\x9cpossible fare difference\xe2\x80\x9d came out to over R$900. This is very bad policy, and I will not be f\xe2\x80\xa6'"
2018-05-18 22:28:38,"b'RT @AndrewComings: @LATAMAirlines For the record, @LATAMAirlines more than earned their nickname \xe2\x80\x9clat\xc3\xa3o\xe2\x80\x9d (junk) in this whole episode.'"
2018-05-18 22:28:36,b'RT @AndrewComings: \xe2\x80\x9cBe at the airport an hour before the flight\xe2\x80\x9d.\n\nWhat we did not count on:\n\n1/2 hour behind a huge truck going 5mph.\n\n@LA\xe2\x80\xa6'
2018-05-18 22:13:16,"b'@MAHMOD4466  Hi, thanks for contacting us. Please let us know all your inquiries, and we will respond you as soon as possible. Kind regards.'"
2018-05-18 20:31:49,"b'@AndrewComings  Andrew, we do understand your situation, nevertheless, changes are always subject to your regulatio\xe2\x80\xa6 https://t.co/vHqTxD6XiT'"
2018-05-18 19:57:18,"b'@LATAMAirlines If all you were going to do was repeat what the people at the counter told me, why did you waste my\xe2\x80\xa6 https://t.co/tchKtU4Ip8'"
2018-05-18 19:09:22,b'@LATAMAirlines must own @Iberia\nComplete disregard and incompetence on both airlines.\nHow are they still in busines\xe2\x80\xa6 https://t.co/OmwIw46wPB'
2018-05-18 17:26:58,"b'@AndrewComings Changes are subject to fare regulations and difference. If you want us to contact you, please send us a message. Regards.'"
2018-05-18 17:02:04,"b'@LATAMAirlines Yes, this \xe2\x80\x9cpossible fare difference\xe2\x80\x9d came out to over R$900. This is very bad policy, and I will not\xe2\x80\xa6 https://t.co/ByfTGP1dPl'"
2018-05-18 16:57:22,"b'@AndrewComings Hi Andrew, you can request for a change with a charge of BRL 250.00 or 90 percent, whichever is lowe\xe2\x80\xa6 https://t.co/L8AzwaqirN'"
2018-05-18 16:37:33,b'@LATAMAirlines I sent you several DMs. In Portuguese. Awaiting response.'
2018-05-18 16:36:42,b'@arielhedeager @LATAMAirlines Whaaaaaat?'
2018-05-18 14:56:29,b'@LATAMAirlines Lean MD'
2018-05-18 14:05:10,"b""@albertsenjanne Janne, to assist you, please send us this information via DM. We'll be awaiting your response. https://t.co/14VAuXPrNl"""
2018-05-18 13:26:37,"b'@Canabrava Hi, of course we can help you. Please send us a DM with both frequent flyer numbers, passport number, em\xe2\x80\xa6 https://t.co/LzC5CPHLHL'"
2018-05-18 13:12:05,"b'RT @LATAMAirlines: We are all unique. Yet, we are united by a single force that pushes us further on a journey towards inclusion and equali\xe2\x80\xa6'"
2018-05-18 12:16:02,b'@LATAMAirlines I would like a match in my Latam Pass. I am Diamond client in Smiles and it is an important criteria\xe2\x80\xa6 https://t.co/9AyRoFqVNi'
2018-05-18 10:04:50,b'RT @DM585381: @LATAMAirlines - flight from Sao Paulo to London delayed by 2 hours. Any reason?'
2018-05-18 10:04:34,"b'We\xe2\x80\x99re well aware of the challenges of converting insight to impact. Taking a human-centered, lean approach to resea\xe2\x80\xa6 https://t.co/FytzxK1cGX'"
2018-05-18 09:38:58,b'@LATAMAirlines Super. Which e mail address should I send it to?'
2018-05-18 09:10:59,"b'@tm243 Hello, please send us through DM your frequent flyer number, full name, identification number, email, date o\xe2\x80\xa6 https://t.co/PF4eACbT4P'"
2018-05-18 08:15:08,"b"".@LATAMAirlines looks to strengthen its core with efficiency and productivity through @AmadeusITGroup's Alt\xc3\xa9a Depar\xe2\x80\xa6 https://t.co/q5w97kIewL"""
2018-05-18 06:10:57,b'@DM585381 @LATAMAirlines #LATAM is the reason. Take a look at LATAM AIRLINES SUCK ON FACEBOOK'
2018-05-18 06:10:28,b'RT @DM585381: @LATAMAirlines - flight from Sao Paulo to London delayed by 2 hours. Any reason?'
2018-05-18 05:34:21,"b'@LATAMAirlines your new multiplus website is not working well, images and fonts are missing, unable to use it. Also\xe2\x80\xa6 https://t.co/p4v9SQyqzi'"
2018-05-18 04:22:15,"b'@DM585381 Hi David, thank you for contacting us. In order to assist you, we kindly ask you to send us via DM your f\xe2\x80\xa6 https://t.co/3BYJ7DDjGP'"
2018-05-18 02:51:00,b'@LATAMAirlines - flight from Sao Paulo to London delayed by 2 hours. Any reason?'
2018-05-18 01:33:51,b'@LATAMAirlines executive with excellent reading material on board @Airport_Ec https://t.co/ZzZtjEssUy'
2018-05-18 00:51:01,b'I was wondering if I could.xheck a bag 4 hours before flight. https://t.co/sYPMdMSRkw'
2018-05-18 00:47:29,b'Skylink presents to a full house in Toronto this evening. Trade show and dinner at the Holiday Inn Yorkdale\xe2\x80\xa6 https://t.co/NRyr2RbgCM'
2018-05-17 23:51:51,"b'@GirlontheGoJan Hi, depending on the route you take, you can be at the airport to check your bags 01:30 hours befor\xe2\x80\xa6 https://t.co/RDerALRvlQ'"
2018-05-17 23:00:01,"b'@kimbermeow Hi, thank you for contacting us. In order to assist you, please send us by DM your reservation code or\xe2\x80\xa6 https://t.co/YgsqOKkLj5'"
2018-05-17 22:43:09,b'@LATAMAirlines How far in advance of a flight may I check luggage?'
2018-05-17 21:16:47,b'@Recommendmag @LATAMAirlines #Brazil has a lot to offer. I love it there. Lived and travelled all over the place.\xe2\x80\xa6 https://t.co/tUUSFlbtOj'
2018-05-17 21:10:19,b'@BonnieSmetts @LATAMAirlines Pls make sure you leave them a review on TripAdvisor'
2018-05-17 21:09:59,b'RT @BonnieSmetts: @LATAMAirlines you could have done MUCH better for the passengers in flight 455 SCL to EZE today. Hard to forget bad expe\xe2\x80\xa6'
2018-05-17 21:05:29,"b'@albertsenjanne Hello Janne, thank you for contacting us. In order to assist you, please send us your frequent flye\xe2\x80\xa6 https://t.co/GteZmVJBgJ'"
2018-05-17 19:58:43,b'@LATAMAirlines you could have done MUCH better for the passengers in flight 455 SCL to EZE today. Hard to forget bad experience for all.'
2018-05-17 18:37:10,b'@LATAMAirlines you have transferred my points to multiplus. How can I see which travels you have redeemed?'
2018-05-17 17:39:51,"b""RT @Recommendmag: Brazil's Salvador Da Bahia has a lot to offer, and now your clients can get there with @LATAMAirlines flight expansion to\xe2\x80\xa6"""
2018-05-17 17:35:03,"b""Brazil's Salvador Da Bahia has a lot to offer, and now your clients can get there with @LATAMAirlines flight expans\xe2\x80\xa6 https://t.co/XztUOkAdqC"""
2018-05-17 15:08:59,"b'#tbt One of the most stunning airport locations at CJC Calama, Chile, in the Atacama Desert. It looks like the\xe2\x80\xa6 https://t.co/VWf2D2ljJv'"
2018-05-17 14:51:09,b'Hola @LATAMAirlines. Is IGR Airport in AR back in service? I have a flight from BsAs on the 29th. I need to know if\xe2\x80\xa6 https://t.co/imqLwadBme'
2018-05-17 13:31:06,"b""RT @Laura_Cobbold: .@AmadeusITGroup 's latest newsroom story today with @LATAMAirlines implementing Alt\xc3\xa9a DCS Flight Management to improve\xe2\x80\xa6"""
2018-05-17 10:42:17,"b'@AndrewComings Hello, please send us through DM your ticket number, full name, and route. We\xc2\xb4ll remain attentive.'"
2018-05-17 09:23:17,"b""RT @Laura_Cobbold: .@AmadeusITGroup 's latest newsroom story today with @LATAMAirlines implementing Alt\xc3\xa9a DCS Flight Management to improve\xe2\x80\xa6"""
2018-05-17 09:11:33,"b""@LATAMAirlinesUS @LATAM_AUS @LATAMAirlines CASE #9530625 - 3 MONTHS TO GET A REFUND. I'm fed up with your useless a\xe2\x80\xa6 https://t.co/4EhrKkSQnd"""
2018-05-17 09:10:08,b'@LATAMAirlinesUS @LATAM_AUS @LATAMAirlines CASE #9530625 - 3 MONTHS TO GET A REFUND. YOU ARE THE WORST AIRLINE EVER!'
2018-05-17 09:09:41,b'@LATAMAirlinesUS @LATAM_AUS @LATAMAirlines CASE #9530625 - 3 MONTHS TO GET A REFUND. YOU ARE THE WORST AIRLINE EVER'
2018-05-17 09:07:50,b'@LATAMAirlinesUS @LATAM_AUS @LATAMAirlines CASE #9530625 - NEVER HAD A WORSE CUSTOMER SERVICE THAN YOURS. I WANT MY\xe2\x80\xa6 https://t.co/YVfOMek5oM'
2018-05-17 09:07:33,b'@LATAMAirlinesUS @LATAM_AUS @LATAMAirlines CASE #9530625 - NEVER HAD A WORSE CUSTOMER SERVICE THAN YOURS. I WANT MY\xe2\x80\xa6 https://t.co/d4LchAP6gI'
2018-05-17 09:07:13,b'@LATAMAirlinesUS @LATAM_AUS @LATAMAirlines CASE #9530625 - NEVER HAD A WORSE CUSTOMER SERVICE THAN YOURS. I WANT MY\xe2\x80\xa6 https://t.co/6MrhokAVFF'
2018-05-17 09:06:56,b'@LATAMAirlinesUS @LATAM_AUS @LATAMAirlines CASE #9530625 - NEVER HAD A WORSE CUSTOMER SERVICE THAN YOURS. I WANT MY\xe2\x80\xa6 https://t.co/YJEAI8yiXE'
2018-05-17 08:54:18,"b""RT @TimHarcourt: It's a great honour to present at #LADU2018 @DominicPiper @Airport_Ec @LATAMAirlines @Aus_LATAMBusCou https://t.co/VGfNk0k\xe2\x80\xa6"""
2018-05-17 07:55:17,"b'@LATAMAirlines For the record, @LATAMAirlines more than earned their nickname \xe2\x80\x9clat\xc3\xa3o\xe2\x80\x9d (junk) in this whole episode.'"
2018-05-17 07:52:19,b'\xe2\x80\x9cBe at the airport an hour before the flight\xe2\x80\x9d.\n\nWhat we did not count on:\n\n1/2 hour behind a huge truck going 5mph.\xe2\x80\xa6 https://t.co/r5SfH1nssW'
2018-05-17 07:50:09,"b""@sztxr Hi. Please send us a DM with your full name to assist you properly with your request. We'll remain aware for\xe2\x80\xa6 https://t.co/6Q3Ti5O0Cb"""
2018-05-17 07:17:04,"b""RT @TimHarcourt: It's a great honour to present at #LADU2018 @DominicPiper @Airport_Ec @LATAMAirlines @Aus_LATAMBusCou https://t.co/VGfNk0k\xe2\x80\xa6"""
2018-05-17 07:02:57,"b""It's a great honour to present at #LADU2018 @DominicPiper @Airport_Ec @LATAMAirlines @Aus_LATAMBusCou https://t.co/VGfNk0kzrZ"""
2018-05-17 06:57:34,b'RT @TimHarcourt: Fly with the experts on South America @LATAMAirlines @Airport_Ec thanks Nansi #LADU2018 https://t.co/X22DK2N93K'
2018-05-17 03:58:01,b'NEWSROOM: Amadeus Alt\xc3\xa9a Departure Control Flight Management solution is automating flight management processes to i\xe2\x80\xa6 https://t.co/iHUVPGkSkA'
2018-05-17 03:21:18,"b'@LATAMAirlines , it is a shame your low standards for the food you offer on your flights, even on Premium Business.\xe2\x80\xa6 https://t.co/uj429TjZwk'"
2018-05-17 02:08:31,b'RT @TimHarcourt: Fly with the experts on South America @LATAMAirlines @Airport_Ec thanks Nansi #LADU2018 https://t.co/X22DK2N93K'
2018-05-17 01:35:33,"b'@EbsTravels  Ebony, we understand your nonconformity. However, we verify that the refund of your tickets are still in process. Kind regards.'"
2018-05-17 00:13:28,b'@LATAMAirlines appreciate your comments but im waiting for @qantas response who is the company i always talked to'
2018-05-17 00:09:51,"b'@Pacha011  Hello, we do understand your comments, in order to assist you, could you send us through DM: Booking cod\xe2\x80\xa6 https://t.co/sjJM3n6MYK'"
2018-05-16 22:50:22,"b'@water4chocol8  Hello, we do understand your  comments, nevertheless, we are still working on your requirement, as\xe2\x80\xa6 https://t.co/SWTDBuGL9s'"
2018-05-16 22:16:21,b'@Qantas @LATAMAirlines hi @qantas im still waiting for a response. you cancelled a flight that was not cancelled. please provide explanation'
2018-05-16 22:15:05,b'Isn\xe2\x80\x99t @LATAMAirlines supposed to be part of the #oneworldalliance? Why is their customer service so abysmal?'
2018-05-16 21:13:35,"b""@chr259  Christian, remember that we can also assist in your purchase by scheduling a call from 8am to 10pm. Don't\xe2\x80\xa6 https://t.co/JZ84UzxrKE"""
2018-05-16 20:45:17,b'@LATAMAirlines The flights I was trying to book are no longer available but thanks anyway.'
2018-05-16 20:22:11,"b""RT @Laura_Cobbold: .@AmadeusITGroup 's latest newsroom story today with @LATAMAirlines implementing Alt\xc3\xa9a DCS Flight Management to improve\xe2\x80\xa6"""
2018-05-16 17:22:03,"b"".@AmadeusITGroup 's latest newsroom story today with @LATAMAirlines implementing Alt\xc3\xa9a DCS Flight Management to imp\xe2\x80\xa6 https://t.co/vBdSZz1xx6"""
2018-05-16 15:18:11,"b'@chr259  Hi Christian, please send us a DM with your passport number, route, dates of travel, phone number and emai\xe2\x80\xa6 https://t.co/lbLflbshnn'"
2018-05-16 14:22:10,"b'RT @prf1982: @MonikaKoniuszek @TimHarcourt @LATAMAirlines @Airport_Ec Damn right. This airline is a synonym for abuse, fraud and cynicism.'"
2018-05-16 14:21:16,b'@LATAMAirlines Been trying to book tickets via your UK website since Sunday but I get an error at the payment page. When will this be fixed?'
2018-05-16 14:16:07,b'@LATAMAirlines is automating is flight management processes to increase productivity and operation efficiency\xe2\x80\xa6 https://t.co/zvwasGz2pY'
2018-05-16 14:15:45,b'Amadeus Alt\xc3\xa9a Departure Control Flight Management to optimize fuel consumption and maximize operational performance\xe2\x80\xa6 https://t.co/Sbgs1zmzGg'
2018-05-16 14:04:40,"b'@MonikaKoniuszek @TimHarcourt @LATAMAirlines @Airport_Ec Damn right. This airline is a synonym for abuse, fraud and cynicism.'"
2018-05-16 13:50:31,"b""@TimHarcourt @LATAMAirlines @Airport_Ec Tim you'll be so embarrassed about all this latam publicity you're doing on\xe2\x80\xa6 https://t.co/HsSJaBwad2"""
2018-05-16 09:22:19,b'RT @TimHarcourt: Great to catch up with Nansi part of the great @LATAMAirlines team in Perth @Airport_Ec #LADU2018 https://t.co/e9yRPvhtje'
2018-05-16 08:37:51,b'Fly with the experts on South America @LATAMAirlines @Airport_Ec thanks Nansi #LADU2018 https://t.co/X22DK2N93K'
2018-05-16 08:35:36,b'Great to catch up with Nansi part of the great @LATAMAirlines team in Perth @Airport_Ec #LADU2018 https://t.co/e9yRPvhtje'
2018-05-16 07:50:14,"b'@cipovicci Hello, in order to assist you, please send us through DM your ticket number, full name, route, and date\xe2\x80\xa6 https://t.co/FZOB3L6Yia'"
2018-05-16 07:32:42,"b""@Roarbeabear @LATAMAirlines Don't do it https://t.co/rhl54Goyfd take a look at LATAM AIRLINES SUCK ON FACEBOOK"""
2018-05-16 04:28:17,"b""@LATAMAirlines Your system isn't letting me purchase a flight on your website and I need to purchase one for Monday\xe2\x80\xa6 https://t.co/sxmEQT6r3B"""
2018-05-15 22:17:07,"b""@MonikaKoniuszek @sanjay_world @CNBC @LATAMAirlines Thanks for the offer, but I'm good. I will continue not wasting\xe2\x80\xa6 https://t.co/DbZbUZ9AdB"""
2018-05-15 22:02:50,"b'@thomo_nick Hi, we understand your position. Depending on the fare you buy and the origin / destiny of your flights\xe2\x80\xa6 https://t.co/5RZPWEnogp'"
2018-05-15 21:37:06,b'@LATAMAirlines Just sort your online booking to allow people to select luggage before paying.'
2018-05-15 21:09:31,"b'@vmussi  Hi, we have provided you a message via DM. Kind regards.'"
2018-05-15 19:52:05,"b'@thomo_nick Hi, in order to assist you please send us by DM your reservation code or ticket number, names of the pa\xe2\x80\xa6 https://t.co/Hv6WiUwRRl'"
2018-05-15 19:19:37,b'@LATAMAirlines your website won\xe2\x80\x99t allow me to buy luggage ahead of time and your customer service is awful. Any other experience this too??'
2018-05-15 19:00:55,"b""@Brant2580 @sanjay_world @CNBC @LATAMAirlines Nope. It's not. It's daily passenger abuse committed by #LATAM\xe2\x80\xa6 https://t.co/jbRWfZa9GZ"""
2018-05-15 18:59:34,"b'RT @sanjay_world: @CNBC worst airlines of the world, together with @LATAMAirlines . United and Latam should merge to create an even bigger\xe2\x80\xa6'"
2018-05-15 18:55:54,b'@LizcanoMelissa @LATAMAirlines Mel guard yourself with patience https://t.co/rhl54GG96L and join LATAM AIRLINES SUCK ON FACEBOOK'
2018-05-15 18:25:04,"b""@thomo_nick @LATAMAirlines https://t.co/rhl54Goyfd it's a spot on observations but trust me it's the least problema\xe2\x80\xa6 https://t.co/mACfUZKTlD"""
2018-05-15 18:23:56,b'RT @thomo_nick: @LATAMAirlines really sneaky that you can only select hold luggage after booking flights. Makes customers select options th\xe2\x80\xa6'
2018-05-15 18:20:07,b'@LATAMAirlines really sneaky that you can only select hold luggage after booking flights. Makes customers select op\xe2\x80\xa6 https://t.co/zPtksSuRMB'
2018-05-15 15:10:32,"b'@LizcanoMelissa Hello, thank you for contacting us. For privacy we suggest you to delete this tweet. On the other h\xe2\x80\xa6 https://t.co/6vNWVuCr0V'"
2018-05-15 12:43:47,"b'RT @lacarmina: \xf0\x9f\x8c\x88\xf0\x9f\x8c\x88\xf0\x9f\x8c\x88 Rainbow days in #valparaiso #chile, traveling w @LATAMAirlines! \xe2\x98\x80\xef\xb8\x8f wearing #salemonster crop tank and skirt, @IrregularC\xe2\x80\xa6'"
2018-05-15 04:37:15,"b""@sanjay_world @CNBC @LATAMAirlines Dude, it's just tomato juice"""
2018-05-15 04:16:57,"b'@CNBC worst airlines of the world, together with @LATAMAirlines . United and Latam should merge to create an even b\xe2\x80\xa6 https://t.co/KAhjuYnI7N'"
