2018-04-28 00:11:33,b'@realDonaldTrump needs to stand up to #China bullying of American companies! #MAGA #UnitedAirlines #AmericanAirlines'
2018-05-02 23:17:31,b'Just got off United flight 2390 to Houston. The exit row seats were empty the entire flight. FRIGHTENING!\xe2\x80\xa6 https://t.co/SdhArK6dMA'
2018-05-02 23:11:13,b'Dog Killed on United Airlines Flight Died of Suffocation #UnitedAirlines https://t.co/8Pmc8pNN0F https://t.co/OfQcE027Ew'
2018-05-02 22:58:19,"b'#UnitedAirlines is launching a new pet policy that will ban certain breeds of dogs and cats from planes, ""out of co\xe2\x80\xa6 https://t.co/l5HLBR4YzH'"
2018-05-02 22:58:19,"b'So... after having a dog put in the overhead bin and did, #UnitedAirlines is now banning specific breeds. Umm. Ok?\xe2\x80\xa6 https://t.co/23ZIEpPgUs'"
2018-05-02 22:51:41,"b'#UnitedAirlines after so many years of service, I change one flight, pay the change fee, and get treated in such a manner as this. WOW.'"
2018-05-02 22:42:10,"b'Canyonlands Field Airport in Moab, UT has reopened for commercial air service with the first flight landing on May\xe2\x80\xa6 https://t.co/8epGx18qAx'"
2018-05-02 22:36:55,b'#UnitedAirlines #Bans Dozens of Pet Breeds From Cargo Hold\n\nhttps://t.co/e1ptIePx9q\n\nShared from my Google feed'
2018-05-02 22:34:25,"b""RT @staralliance: It's the first #B737 MAX 9 aircraft for @united. Welcome to the fleet! \xf0\x9f\x9b\xac \xf0\x9f\x87\xba\xf0\x9f\x87\xb8 #UnitedAirlines #B737MAX #StarAlliance #MeetT\xe2\x80\xa6"""
2018-05-02 22:33:26,b'! @united Have you f-ing apologized for forcing a dog into the overhead bin on your flight? As a past customer (alt\xe2\x80\xa6 https://t.co/VJkT40vixk'
2018-05-02 22:30:47,"b""RT @staralliance: It's the first #B737 MAX 9 aircraft for @united. Welcome to the fleet! \xf0\x9f\x9b\xac \xf0\x9f\x87\xba\xf0\x9f\x87\xb8 #UnitedAirlines #B737MAX #StarAlliance #MeetT\xe2\x80\xa6"""
2018-05-02 22:03:49,b'After much anticipation United Airlines released updates today. If the list of rules and restrictions put a damper\xe2\x80\xa6 https://t.co/UuaTI51TWc'
2018-05-02 21:46:55,"b'@united #UnitedAirlines #WiFi so #awful - it feels like it\xe2\x80\x99s beating you senseless, then drags you down the aisle,\xe2\x80\xa6 https://t.co/wYQZOF7RJk'"
2018-05-02 21:41:47,b'@united #Puppykillers #United #UnitedAirlines  And this baby paid to fly in passenger. And was stuffed in an overhe\xe2\x80\xa6 https://t.co/R4x9l2TcHj'
2018-05-02 21:35:05,b'#unitedairlines stepped up the snack game with this lit #stroopwafel'
2018-05-02 21:21:56,b'#UnitedAirlines had reservations for months getting on plane when told seats changed Jak in Denver fixed it she is\xe2\x80\xa6 https://t.co/BbcMDL5jra'
2018-05-02 21:00:30,b'Bravo #Unitedairlines! Bravo!  UAL did an incredible job repairing my damaged bag!  Took 1 week to get it back!  Th\xe2\x80\xa6 https://t.co/CR4fT6pOS9'
2018-05-02 20:32:01,"b'RT @Newsy: #UnitedAirlines bans pugs, bulldogs, Persian cats and other breeds. https://t.co/ClDembWIVV'"
2018-05-02 20:30:06,b'@united Only if your idea of a vacation is to be treated like a piece of trash by the employees and policies of you\xe2\x80\xa6 https://t.co/Dqqf98dDzL'
2018-05-02 20:30:03,"b'#UnitedAirlines bans pugs, bulldogs, Persian cats and other breeds. https://t.co/ClDembWIVV'"
2018-05-02 20:12:39,"b'@united  Hey folks, can you explain how UA5195 is delayed? It says inbound plane is landing an hour plus late...yet\xe2\x80\xa6 https://t.co/0rV1IscwFx'"
2018-05-02 20:00:06,b'Coast to coast on JetBlue? FREE DirecTV. C2C on United? $7.99 to watch the same DirecTV. Another reason I love\xe2\x80\xa6 https://t.co/tqTKgEqOQ0'
2018-05-02 19:59:16,b'7 Best Tweets about the #UnitedAirlines Scandal https://t.co/aQLuAEoAc1'
2018-05-02 19:52:54,b'Getting rough for the little ones trying to make it to their final destination #LastRide #UnitedAirlines\n\nDog Kille\xe2\x80\xa6 https://t.co/61KvJG0dHb'
2018-05-02 19:40:10,"b""RT @staralliance: It's the first #B737 MAX 9 aircraft for @united. Welcome to the fleet! \xf0\x9f\x9b\xac \xf0\x9f\x87\xba\xf0\x9f\x87\xb8 #UnitedAirlines #B737MAX #StarAlliance #MeetT\xe2\x80\xa6"""
2018-05-02 19:28:53,"b""RT @AnimalJustice: Animals bred to be short-nosed are commonly riddled with breathing problems. That's why #UnitedAirlines is banning dozen\xe2\x80\xa6"""
2018-05-02 19:21:59,"b""RT @staralliance: It's the first #B737 MAX 9 aircraft for @united. Welcome to the fleet! \xf0\x9f\x9b\xac \xf0\x9f\x87\xba\xf0\x9f\x87\xb8 #UnitedAirlines #B737MAX #StarAlliance #MeetT\xe2\x80\xa6"""
2018-05-02 19:07:08,"b'[Flight Review via @awardtravelcom ]\xf0\x9f\x91\x8f\xf0\x9f\x91\x8f\n\nFor a mere two hour flight, @onemoreweektogo really packed a thorough revie\xe2\x80\xa6 https://t.co/NRlozgVu70'"
2018-05-02 19:01:07,b'Travelling on #UnitedAirlines is really a nightmare for families. #travel #chaotic'
2018-05-02 18:56:45,b'Omg @AppleSupport this will be my SIXTH ATTEMPT to call and try to set up Apple bar appt. what happened to ur custo\xe2\x80\xa6 https://t.co/rtI8LzmRkR'
2018-05-02 18:50:51,b'Landed today! Feels pretty good to be back home \xf0\x9f\x98\x98 #unitedairlines\xe2\x80\xa6 https://t.co/Ne5201Vxje'
2018-05-02 18:49:51,"b""RT @staralliance: It's the first #B737 MAX 9 aircraft for @united. Welcome to the fleet! \xf0\x9f\x9b\xac \xf0\x9f\x87\xba\xf0\x9f\x87\xb8 #UnitedAirlines #B737MAX #StarAlliance #MeetT\xe2\x80\xa6"""
2018-05-02 18:39:42,"b'LIST: New #UnitedAirlines pet rules ban some dog, cat breeds from flights. &gt;&gt; https://t.co/fsTzL4e9Pb https://t.co/f6KlALdOQI'"
2018-05-02 18:24:53,"b""#UnitedAirlines brings back their #pet program for 'some' dogs and cats. Many breeds are banned.\nhttps://t.co/sNzLJ1rPvb"""
2018-05-02 18:22:08,"b'#UnitedAirlines to start flying pets again, but many dog breeds are banned https://t.co/oooU3UbIog'"
2018-05-02 18:12:09,"b""RT @LauraGarciaNBC: New restrictions on traveling with pets! #UnitedAirlines is changing it's rules on what animals can fly.\nhttps://t.co/2\xe2\x80\xa6"""
2018-05-02 18:03:33,"b""RT @AnimalJustice: Animals bred to be short-nosed are commonly riddled with breathing problems. That's why #UnitedAirlines is banning dozen\xe2\x80\xa6"""
2018-05-02 17:38:29,b'Don\xe2\x80\x99t u love it when a flight attendant spills water all over u and say \xe2\x80\x9cit\xe2\x80\x99s just water\xe2\x80\x9d seriously? How about I\xe2\x80\x99m\xe2\x80\xa6 https://t.co/UOBl6zgXqm'
2018-05-02 17:32:01,"b""RT @staralliance: It's the first #B737 MAX 9 aircraft for @united. Welcome to the fleet! \xf0\x9f\x9b\xac \xf0\x9f\x87\xba\xf0\x9f\x87\xb8 #UnitedAirlines #B737MAX #StarAlliance #MeetT\xe2\x80\xa6"""
2018-05-02 17:29:17,"b'hey #unitedairlines @united big shout out to Dawn Horvat at the Denver united club. Super helpful, compassionate an\xe2\x80\xa6 https://t.co/21Bah46L3k'"
2018-05-02 17:28:23,"b""RT @staralliance: It's the first #B737 MAX 9 aircraft for @united. Welcome to the fleet! \xf0\x9f\x9b\xac \xf0\x9f\x87\xba\xf0\x9f\x87\xb8 #UnitedAirlines #B737MAX #StarAlliance #MeetT\xe2\x80\xa6"""
2018-05-02 17:26:29,"b'Heads up #Malinois &amp; other large breed dog owners: Malinois are on the banned list now 4 @united, &amp; 700 series crat\xe2\x80\xa6 https://t.co/eKfmAzknTf'"
2018-05-02 17:10:44,"b""RT @staralliance: It's the first #B737 MAX 9 aircraft for @united. Welcome to the fleet! \xf0\x9f\x9b\xac \xf0\x9f\x87\xba\xf0\x9f\x87\xb8 #UnitedAirlines #B737MAX #StarAlliance #MeetT\xe2\x80\xa6"""
2018-05-02 17:04:06,"b'VIDEO: @United Airlines 20 Years Flying from Ireland, Dublin and Shannon https://t.co/JNHuGsne8y #ttot\xe2\x80\xa6 https://t.co/NvjRzoe98Y'"
2018-05-02 17:01:51,b'#DogNews: #UnitedAirlines Bans Long List of #Dog Breeds After a Number of #Pet Deaths and Mix-Ups\xf0\x9f\x90\xb6 @friskiedog78_\xe2\x80\xa6 https://t.co/EONZxhlNie'
2018-05-02 16:56:27,"b""RT @staralliance: It's the first #B737 MAX 9 aircraft for @united. Welcome to the fleet! \xf0\x9f\x9b\xac \xf0\x9f\x87\xba\xf0\x9f\x87\xb8 #UnitedAirlines #B737MAX #StarAlliance #MeetT\xe2\x80\xa6"""
2018-05-02 16:53:00,b'RT @petassure: Make sure to check if your pet is allowed to fly in line with the new rules by the airline \xe2\x9c\x88\xef\xb8\x8f\xf0\x9f\x90\xb6\xf0\x9f\x90\xb1\n\n#Pets #Dogs #Cats #UnitedAi\xe2\x80\xa6'
2018-05-02 16:50:52,b'RT @petassure: Make sure to check if your pet is allowed to fly in line with the new rules by the airline \xe2\x9c\x88\xef\xb8\x8f\xf0\x9f\x90\xb6\xf0\x9f\x90\xb1\n\n#Pets #Dogs #Cats #UnitedAi\xe2\x80\xa6'
2018-05-02 16:50:39,b'We have landed in Atlanta!!! Woooo!!! #hscg18 #ATL #UnitedAirlines'
2018-05-02 16:49:22,b'RT @Castuuuu: #UnitedAirlines dont hurt dog'
2018-05-02 16:48:25,b'RT @petassure: Make sure to check if your pet is allowed to fly in line with the new rules by the airline \xe2\x9c\x88\xef\xb8\x8f\xf0\x9f\x90\xb6\xf0\x9f\x90\xb1\n\n#Pets #Dogs #Cats #UnitedAi\xe2\x80\xa6'
2018-05-02 16:46:57,b'RT @petassure: Make sure to check if your pet is allowed to fly in line with the new rules by the airline \xe2\x9c\x88\xef\xb8\x8f\xf0\x9f\x90\xb6\xf0\x9f\x90\xb1\n\n#Pets #Dogs #Cats #UnitedAi\xe2\x80\xa6'
2018-05-02 16:44:08,b'Hear from companies like #UnitedAirlines and #Facebook at #SHRM18. Catch us at booth 2939 and reach out for free ex\xe2\x80\xa6 https://t.co/AKacFr9cgL'
2018-05-02 16:41:51,"b""RT @staralliance: It's the first #B737 MAX 9 aircraft for @united. Welcome to the fleet! \xf0\x9f\x9b\xac \xf0\x9f\x87\xba\xf0\x9f\x87\xb8 #UnitedAirlines #B737MAX #StarAlliance #MeetT\xe2\x80\xa6"""
2018-05-02 16:38:56,"b'RT @DazzlingDeal: Flying @united down to LAX for #Mom2Summit... they were great, gave us amazing seats to accommodate more room for baby! #\xe2\x80\xa6'"
2018-05-02 16:37:43,"b""RT @staralliance: It's the first #B737 MAX 9 aircraft for @united. Welcome to the fleet! \xf0\x9f\x9b\xac \xf0\x9f\x87\xba\xf0\x9f\x87\xb8 #UnitedAirlines #B737MAX #StarAlliance #MeetT\xe2\x80\xa6"""
2018-05-02 16:36:14,"b""RT @staralliance: It's the first #B737 MAX 9 aircraft for @united. Welcome to the fleet! \xf0\x9f\x9b\xac \xf0\x9f\x87\xba\xf0\x9f\x87\xb8 #UnitedAirlines #B737MAX #StarAlliance #MeetT\xe2\x80\xa6"""
2018-05-02 16:36:10,"b""RT @staralliance: It's the first #B737 MAX 9 aircraft for @united. Welcome to the fleet! \xf0\x9f\x9b\xac \xf0\x9f\x87\xba\xf0\x9f\x87\xb8 #UnitedAirlines #B737MAX #StarAlliance #MeetT\xe2\x80\xa6"""
2018-05-02 16:33:36,"b""It's the first #B737 MAX 9 aircraft for @united. Welcome to the fleet! \xf0\x9f\x9b\xac \xf0\x9f\x87\xba\xf0\x9f\x87\xb8 #UnitedAirlines #B737MAX #StarAlliance\xe2\x80\xa6 https://t.co/0w8vTBh6xu"""
2018-05-02 16:31:31,b'United airlines food flying from Berlin to Newark is 10x better than from Newark to Berlin. #UnitedAirlines #traveling #airplanefood'
2018-05-02 16:21:47,"b""@united had a terrible experience on a 12 hour flight yesterday with a rude flight attendant! Not the service I'm u\xe2\x80\xa6 https://t.co/3h9j45n4Hk"""
2018-05-02 16:12:53,"b'Move over #UnitedAirlines, #SouthwestAir is the new BETA airline of the sky and your #DINKOFTHEDAY! #WednesdayWisdom https://t.co/rw5PrVNM9r'"
2018-05-02 16:10:25,"b""RT @AnimalJustice: Animals bred to be short-nosed are commonly riddled with breathing problems. That's why #UnitedAirlines is banning dozen\xe2\x80\xa6"""
2018-05-02 16:08:17,"b""RT @AnimalJustice: Animals bred to be short-nosed are commonly riddled with breathing problems. That's why #UnitedAirlines is banning dozen\xe2\x80\xa6"""
2018-05-02 16:01:54,"b""RT @AnimalJustice: Animals bred to be short-nosed are commonly riddled with breathing problems. That's why #UnitedAirlines is banning dozen\xe2\x80\xa6"""
2018-05-02 16:00:19,"b""RT @AnimalJustice: Animals bred to be short-nosed are commonly riddled with breathing problems. That's why #UnitedAirlines is banning dozen\xe2\x80\xa6"""
2018-05-02 16:00:00,"b""Animals bred to be short-nosed are commonly riddled with breathing problems. That's why #UnitedAirlines is banning\xe2\x80\xa6 https://t.co/atb5camCa8"""
2018-05-02 16:00:00,b'#Unitedairlines is banning certain dog breeds from flying\xe2\x98\xb9\xef\xb8\x8f See the full list here: https://t.co/zCelojNPTA https://t.co/P1bzqfMesG'
2018-05-02 15:55:56,b'@united literally told me to fuck off. Worst airline in existence. 2 cancelled flights in a row #unitedairlines'
2018-05-02 15:55:38,"b'RT @jinsolllee: Winter is officially gone! Thank you everyone for being safe, and keeping our customers and product safe! #unitedAIRLINES #\xe2\x80\xa6'"
2018-05-02 15:55:27,b'The good news is that by 2025 plane tickets will be free.  #Southwest #UnitedAirlines'
2018-05-02 15:53:53,"b'Flying @united to Los Angeles was great all around, great service, friendly and professional! Will become a frequen\xe2\x80\xa6 https://t.co/9UlWVulAhl'"
2018-05-02 15:24:29,b'RT @motivation0907: #unitedairlines You could have bought this guy his own jet for less than what you are going to pay him in his lawsuit #\xe2\x80\xa6'
2018-05-02 15:19:19,b'RT @GormanBechard: So @united airlines goes from murdering #dogs to banning against certain breeds. How about this instead: go f*ck yoursel\xe2\x80\xa6'
2018-05-02 14:51:06,"b'@PEOPLEPets so #UnitedAirlines prefers to blame the breed of dog, rather than their own ineptitude?'"
2018-05-02 14:28:34,"b'@abc7johngregory @bumblesnot They\xe2\x80\x99re afraid of lawsuits b/c they\xe2\x80\x99ve mishandled certain breeds \xf0\x9f\x98\x89, if they\xe2\x80\x99re not wil\xe2\x80\xa6 https://t.co/reiqFqNADX'"
2018-05-02 14:01:43,"b'#UnitedAirLines, #Military families relied on your #UnitedPetSafe program for years to move our family members from\xe2\x80\xa6 https://t.co/wTtP053W6O'"
2018-05-02 13:57:50,b'So @united airlines goes from murdering #dogs to banning against certain breeds. How about this instead: go f*ck yo\xe2\x80\xa6 https://t.co/NSKgSKoAPE'
2018-05-02 13:32:02,"b'RT @awardtravelcom: For a mere two hour flight, @onemoreweektogo really packed a thorough review on @unitedairlines\nSeems like #UnitedAirli\xe2\x80\xa6'"
2018-05-02 13:19:56,"b""RT @LauraGarciaNBC: New restrictions on traveling with pets! #UnitedAirlines is changing it's rules on what animals can fly.\nhttps://t.co/2\xe2\x80\xa6"""
2018-05-02 13:02:00,b'vintage United Airlines Future Pilot metal pin 1960s https://t.co/cSUrWSqBGo #travelcollectible #etsy\xe2\x80\xa6 https://t.co/bdablTXinF'
2018-05-02 12:28:24,b'Oh United Airlines...what have you done now \xe2\x81\x89\xef\xb8\x8fDoggy discrimination\xe2\x80\xbc\xef\xb8\x8f\n\nUnited Airlines posts list of over a dozen do\xe2\x80\xa6 https://t.co/b7NwT1GAVy'
2018-05-02 12:17:24,"b""RT @LauraGarciaNBC: New restrictions on traveling with pets! #UnitedAirlines is changing it's rules on what animals can fly.\nhttps://t.co/2\xe2\x80\xa6"""
2018-05-02 12:17:17,"b""New restrictions on traveling with pets! #UnitedAirlines is changing it's rules on what animals can fly.\nhttps://t.co/2SvPNI318h"""
2018-05-02 11:50:33,b'RT @MkatSF: #UnitedAirlines You guys really screwed me today. Cancelled a flight because of maintenance problems with the plane but NO OTHE\xe2\x80\xa6'
2018-05-02 10:52:40,b'I am so happy with this service. This is seriously the best boarding I have ever had. Mrs. Wendy was absolutely fan\xe2\x80\xa6 https://t.co/vo7XIaXUWL'
2018-05-02 10:13:18,b'RT @petassure: Make sure to check if your pet is allowed to fly in line with the new rules by the airline \xe2\x9c\x88\xef\xb8\x8f\xf0\x9f\x90\xb6\xf0\x9f\x90\xb1\n\n#Pets #Dogs #Cats #UnitedAi\xe2\x80\xa6'
2018-05-02 07:31:58,b'#UnitedAirlines has a new pet policy that is banning a lot of dog and cat breeds from flying their airline. Pit Bul\xe2\x80\xa6 https://t.co/NhGoGpYkiI'
2018-05-02 07:23:30,b'Flight attendants who are comical are the best. #UnitedAirlines'
2018-05-02 06:39:52,b'@united @GMA @TheEllenShow @TODAYshow #Breakingnews #UnitedAirlines strands thousands of #Military families pets ov\xe2\x80\xa6 https://t.co/B42RwyRCPo'
2018-05-02 06:39:02,"b'#UAL #UNITED #UNITEDAIRLINES #EPICFAIL 3 flights, 3 delays and 1 lost and damaged suitcase! Never again! Back to #DELTA!'"
2018-05-02 06:19:29,"b""RT @skygoflycom: United Star Alliance 'Queen' #unitedairlines #boeing #747 #queenoftheskies #planespotting #dontgo https://t.co/2THoOMtay3\xe2\x80\xa6"""
2018-05-02 06:19:14,"b""RT @skygoflycom: United Star Alliance 'Queen' #unitedairlines #boeing #747 #queenoftheskies #planespotting #dontgo https://t.co/2THoOMtay3\xe2\x80\xa6"""
2018-05-02 05:48:09,b'#UnitedAirlines Bring In New Pet Policies With #American Human. https://t.co/m9K5rDzJAy https://t.co/D1JVwGYnGB'
2018-05-02 05:01:10,b'..already proven they need small dogs to stuff in the overhead compartments...way to beat the complaints\xe2\x80\xa6 https://t.co/OfkshJmkzN'
2018-05-02 04:51:42,b'Now up to 4 weeks out of 5 that #unitedairlines have delayed/miss connected. Remarkably bad record. Ashamed to be l\xe2\x80\xa6 https://t.co/u5HU4CkTiN'
2018-05-02 04:33:03,b'AT 10: Manhunt for 2 men in deadly #Oceanside party shooting; Autopsy of #StephonClark revealed; 51 year old\xe2\x80\xa6 https://t.co/4Epi0BUpKu'
2018-05-02 04:28:05,b'So @united instead of training employees and showing more humanity towards animals is now only allowing dogs in the\xe2\x80\xa6 https://t.co/VOeAzr7w5o'
2018-05-02 03:16:42,b'RT @Scott_R_JC: Companies that suck\n@united #united #unitedairlines #MileagePlus\n\n@Chase #Chase #ChaseBank\n\nGoodnight https://t.co/ddEofAmd\xe2\x80\xa6'
2018-05-02 03:16:05,b'Companies that suck\n@united #united #unitedairlines #MileagePlus\n\n@Chase #Chase #ChaseBank\n\nGoodnight https://t.co/ddEofAmd7I'
2018-05-02 03:12:20,"b'@united banning dogs...uh wow, how about you step up and stop killing dogs. I won\xe2\x80\x99t ever fly #UnitedAirlines especi\xe2\x80\xa6 https://t.co/nARNv6NO3J'"
2018-05-02 03:04:03,"b""@united I have contacted but they don't process claims. I need customer care number or mail address so that some on\xe2\x80\xa6 https://t.co/2wjjxZmfl8"""
2018-05-02 02:54:32,b'List of breeds #United will no longer allow as cargo. \n#UnitedAirlines #Animals  https://t.co/aBzSxYTZo9'
2018-05-02 02:24:10,"b'Sadness for this open laptop bag near our @united flight at HNL. I hope you found your owner, little guy. \n\nCue sad\xe2\x80\xa6 https://t.co/pTKPxfvZxx'"
2018-05-02 02:17:57,b'#unitedairlines has the worst customer service and please train your agents!'
2018-05-02 02:16:33,b'Travel to Chicago by United Airlines\nhttps://t.co/stVETGZF4p\nhttps://t.co/ieUvZXb2W0\n#Chicago #Unitedairlines\xe2\x80\xa6 https://t.co/YoDCNKJsJP'
2018-05-02 02:13:54,b'.@united Do you see this person in the picture? This is your manager by the name of Lawrence. He tells us: \xe2\x80\x9cwho car\xe2\x80\xa6 https://t.co/tkTVZH1MSo'
2018-05-02 02:11:52,b'RT @petassure: Make sure to check if your pet is allowed to fly in line with the new rules by the airline \xe2\x9c\x88\xef\xb8\x8f\xf0\x9f\x90\xb6\xf0\x9f\x90\xb1\n\n#Pets #Dogs #Cats #UnitedAi\xe2\x80\xa6'
2018-05-02 01:58:17,b'RT @petassure: Make sure to check if your pet is allowed to fly in line with the new rules by the airline \xe2\x9c\x88\xef\xb8\x8f\xf0\x9f\x90\xb6\xf0\x9f\x90\xb1\n\n#Pets #Dogs #Cats #UnitedAi\xe2\x80\xa6'
2018-05-02 01:57:05,"b""Instead of fixing the problem that caused the dog's deaths, they just ban the dogs. Shameful #UnitedAirlines #NeverflyUnited"""
2018-05-02 01:42:49,b'RT @UnitedW29425723: Have you checked out our website yet? We have federal complaints against #unitedAIRLINES https://t.co/PkGqMZNW7M #Equa\xe2\x80\xa6'
2018-05-02 01:29:57,b'Are you a #unitedmileageplus member with the #Unitedairlines Explorer card\xe2\x80\xa6 https://t.co/BQ1r6yB4Ig'
2018-05-02 01:25:41,b'#Unitedairlines racking up the fees! Up-charging thetroops.Discriminating/up charging the military.Sad.'
2018-05-02 01:21:20,"b""RT @Joy105com: United will #resume shipping pets after dog's death https://t.co/30hc5X8Sfe #UnitedAirlines #Joy105com #PetShipping"""
2018-05-02 01:21:13,"b""United will #resume shipping pets after dog's death https://t.co/30hc5X8Sfe #UnitedAirlines #Joy105com #PetShipping"""
2018-05-02 01:10:31,b'RT @petassure: Make sure to check if your pet is allowed to fly in line with the new rules by the airline \xe2\x9c\x88\xef\xb8\x8f\xf0\x9f\x90\xb6\xf0\x9f\x90\xb1\n\n#Pets #Dogs #Cats #UnitedAi\xe2\x80\xa6'
2018-05-02 01:09:48,b'Make sure to check if your pet is allowed to fly in line with the new rules by the airline \xe2\x9c\x88\xef\xb8\x8f\xf0\x9f\x90\xb6\xf0\x9f\x90\xb1\n\n#Pets #Dogs #Cats\xe2\x80\xa6 https://t.co/IsV8tMkX4U'
2018-05-02 01:02:00,b'vintage United Airlines Future Pilot metal pin 1960s https://t.co/cSUrWSIcxW #travelcollectible #etsy\xe2\x80\xa6 https://t.co/sCrp490xTx'
2018-05-02 00:49:52,"b'Winter is officially gone! Thank you everyone for being safe, and keeping our customers and product safe!\xe2\x80\xa6 https://t.co/lYGx0m61tK'"
2018-05-02 00:33:15,b'@Reuters missteps putting it mildly.. #unitedairlines was paid to transport a puppy and ended up it\xe2\x80\x99s executioner'
2018-05-02 00:14:19,"b""Yet another @United flight delay. Stuck at EWR for 4+ hours. Don't know why I continue to give #unitedairlines all\xe2\x80\xa6 https://t.co/QFHM17RFi3"""
2018-05-02 00:04:37,"b'""United is making sweeping changes to its pet policy and banning certain breeds of dogs from flying in the cargo ho\xe2\x80\xa6 https://t.co/yzcTXe2sIE'"
2018-05-01 23:54:36,b'#UnitedAirlines You guys really screwed me today. Cancelled a flight because of maintenance problems with the plane\xe2\x80\xa6 https://t.co/KSw5dPMyyF'
2018-05-01 23:34:17,"b'Hey @united, if you literally kill a dog on one of your flights, you decide the best way to win back pet owners is\xe2\x80\xa6 https://t.co/pwAR3dkz53'"
2018-05-01 23:15:55,b'@skift And passengers ... any passenger breeds banned ? .. any new rules or is dragging them off kicking and punchi\xe2\x80\xa6 https://t.co/kHSfOyonOA'
2018-05-01 23:05:26,"b'RT @TravelMedia_ie: VIDEO: London to Denver with @United Airlines - Interview with Bob Schumacher, #UnitedAirlines (UK) https://t.co/aAXYFC\xe2\x80\xa6'"
2018-05-01 23:05:03,"b'VIDEO: London to Denver with @United Airlines - Interview with Bob Schumacher, #UnitedAirlines (UK)\xe2\x80\xa6 https://t.co/XJEK6muLRo'"
2018-05-01 22:39:18,b'RT @amiiboAlerts: When you want to play your Nintendo Switch on your flight but its overbooked #UnitedAirlines https://t.co/WM16u4H4kX'
2018-05-01 21:59:01,"b'RT @DazzlingDeal: Flying @united down to LAX for #Mom2Summit... they were great, gave us amazing seats to accommodate more room for baby! #\xe2\x80\xa6'"
2018-05-01 21:28:46,b'#unitedairlines continues to mistreat premier customers.  I am beyond frustrated.  Customer Service is THE easiest thing to fix.'
2018-05-01 21:18:12,b'@united continues to disappoint. Just flew international business and can\xe2\x80\x99t get into the EWR lounge. How can I not\xe2\x80\xa6 https://t.co/dQ3ETCul4i'
2018-05-01 20:34:10,b'United Airlines Increases Economic Stake in Azul #AzulBrazilianAirlines #UnitedAirlines https://t.co/kLQucaRP1I https://t.co/qS9eK6DFxD'
2018-05-01 20:20:29,"b'#unitedairlines @unitedsucksbuzz @NvrFlyUnitedAir @unitedairlines Whn chng r flts, agent upgrad us 2 1st cls w/o notic. $2300 xtra no refund'"
2018-05-01 19:37:50,"b'@united also, aren\xe2\x80\x99t you guys tired of apologizing yet? maybe just be a decent company with your passengers needs a\xe2\x80\xa6 https://t.co/B7QXW9ZEPH'"
2018-05-01 19:22:33,b'This plane smells like piss #UnitedAirlines'
2018-05-01 18:26:59,b'Thanks to Angela at #UnitedAirlines for being SO helpful at check-in!!!'
2018-05-01 18:13:05,"b'After @united lost my 10.000 $ TT bike twice in two weeks and send me girls bike in place of it, they charged 200$\xe2\x80\xa6 https://t.co/3X3VSb3SjS'"
2018-05-01 17:06:28,b'United Airlines AGAIN put my carry-on down below with 20 spots in the overhead. Nice if the gate agents communicate\xe2\x80\xa6 https://t.co/7d6oRAFyQP'
2018-05-01 16:57:00,b'Last weeks gig with these two beauties for #unitedairlines #sanfrancisco\xe2\x80\xa6 https://t.co/Dwn00Ujots'
2018-05-01 16:54:47,"b'RT @DazzlingDeal: Flying @united down to LAX for #Mom2Summit... they were great, gave us amazing seats to accommodate more room for baby! #\xe2\x80\xa6'"
2018-05-01 16:52:01,"b'#UnitedAirlines Chicago\xe2\x80\x99s \xe2\x80\x9cGlobal Reception\xe2\x80\x9d crew, and Ms. Bucaro did me a solid this morning. Thanks for getting t\xe2\x80\xa6 https://t.co/KICNgG8DgX'"
2018-05-01 16:50:31,b'After all this shit you send me wrong bike later on to my home. I paid for you double time to lost my bag twice and\xe2\x80\xa6 https://t.co/DhLumpFzlO'
2018-05-01 16:46:03,b'RT @TargetMyTravel: @united Airlines aircraft on approach and landing at Newark Liberty Airport in NJ USA \xf0\x9f\x87\xba\xf0\x9f\x87\xb8. Flights from https://t.co/tqO\xe2\x80\xa6'
2018-05-01 16:45:01,b'@united Airlines aircraft on approach and landing at Newark Liberty Airport in NJ USA \xf0\x9f\x87\xba\xf0\x9f\x87\xb8. Flights from\xe2\x80\xa6 https://t.co/ydoVpf47yT'
2018-05-01 16:43:06,"b'RT @DazzlingDeal: Flying @united down to LAX for #Mom2Summit... they were great, gave us amazing seats to accommodate more room for baby! #\xe2\x80\xa6'"
2018-05-01 16:39:23,"b'Flying @united down to LAX for #Mom2Summit... they were great, gave us amazing seats to accommodate more room for b\xe2\x80\xa6 https://t.co/d7ZS7kX5mr'"
2018-05-01 15:42:07,b'RT @BrianTylerMusic: Check out my new piece \xe2\x80\x9cHeroes Unite\xe2\x80\x9d which debuted during the 2018 #WinterOlympics \xf0\x9f\x8f\x85 for #UnitedAirlines\xe2\x80\x99s Winter Oly\xe2\x80\xa6'
2018-05-01 15:11:02,"b""So annoying when you're trying to book a flight on #UnitedAirlines and the CSR hangs up on you. \xf0\x9f\x99\x84\xf0\x9f\xa4\xa6\xf0\x9f\x98\x8f Ugh! So much fo\xe2\x80\xa6 https://t.co/sAYQML7MNv"""
2018-05-01 15:05:09,"b'RT @awardtravelcom: For a mere two hour flight, @onemoreweektogo really packed a thorough review on @unitedairlines\nSeems like #UnitedAirli\xe2\x80\xa6'"
2018-05-01 15:01:53,"b'RT @awardtravelcom: For a mere two hour flight, @onemoreweektogo really packed a thorough review on @unitedairlines\nSeems like #UnitedAirli\xe2\x80\xa6'"
2018-05-01 15:01:11,"b'For a mere two hour flight, @onemoreweektogo really packed a thorough review on @unitedairlines\nSeems like\xe2\x80\xa6 https://t.co/3JKc9eBGfc'"
2018-05-01 14:54:17,b'BOS-SFO business class just 399$ #unitedairlines #mileagerun #travel #mileageplus https://t.co/IK4vm2z5fA'
2018-05-01 14:39:43,b'@UnitedAirElite When my flight today was delayed the plane emptied out and passenters  stood in line to be rebooked\xe2\x80\xa6 https://t.co/vIGyGThddE'
2018-05-01 13:02:00,b'vintage United Airlines Future Pilot metal pin 1960s https://t.co/cSUrWSIcxW #travelcollectible #etsy\xe2\x80\xa6 https://t.co/CR1lOdGd9Z'
2018-05-01 12:24:43,b'Thank you @united for allowing me to escort my Son to the gate at no charge #unitedairlines #seeyalaterson #MoM'
2018-05-01 12:20:21,"b'Sitting on broken new plane, flight US 1891, needs AC valve fixed. Traveling as group of eight to San Francisco, go\xe2\x80\xa6 https://t.co/d0P5zoXZnq'"
2018-05-01 12:01:11,b'$376 &amp; up --Los Angeles to Newark (Roundtrip) https://t.co/K3na8x4agc #lax #ewr #unitedairlines'
2018-05-01 11:25:00,"b""RT @HannuJunkkaala: Thank's @united, you were perfect again. You lost out bikes back to back, charged 400$ extra for two already pre charge\xe2\x80\xa6"""
2018-05-01 11:22:54,"b""Thank's @united, you were perfect again. You lost out bikes back to back, charged 400$ extra for two already pre ch\xe2\x80\xa6 https://t.co/Ctu9L5mzoY"""
2018-05-01 10:18:23,"b'#unitedairlines Why am I sitting on the tarmac at YYZ because ""the airport doesn\'t allow takeoff before 6:30""?  My\xe2\x80\xa6 https://t.co/k0p0K3DPt5'"
2018-05-01 05:36:04,"b""RT @skygoflycom: United Star Alliance 'Queen' #unitedairlines #boeing #747 #queenoftheskies #planespotting #dontgo https://t.co/2THoOMtay3\xe2\x80\xa6"""
2018-05-01 02:46:31,"b""RT @skygoflycom: United Star Alliance 'Queen' #unitedairlines #boeing #747 #queenoftheskies #planespotting #dontgo https://t.co/2THoOMtay3\xe2\x80\xa6"""
2018-05-01 02:45:35,"b""RT @skygoflycom: United Star Alliance 'Queen' #unitedairlines #boeing #747 #queenoftheskies #planespotting #dontgo https://t.co/2THoOMtay3\xe2\x80\xa6"""
2018-05-01 02:45:19,"b""United Star Alliance 'Queen' #unitedairlines #boeing #747 #queenoftheskies #planespotting #dontgo\xe2\x80\xa6 https://t.co/cZY4dKweBV"""
2018-05-01 02:31:28,b'It\xe2\x80\x99s always nice to leave on a bad note #unitedairlines'
2018-05-01 02:31:22,"b'#UnitedAirlines to New Orleans for #CollisionConf @CollisionHQ (@ Gate B6 in Chicago, IL) https://t.co/ZqLh0VEthX'"
2018-05-01 01:47:35,b'#UnitedAirlines flight delayed over and over again.  Get on the plane pull away from the gate to be told  Now going\xe2\x80\xa6 https://t.co/oP9W6JfdED'
2018-05-01 01:42:36,"b""RT @deniseleeyohn: the recent #UnitedAirlines  incidents don't reflect a competence deficit at the airline; they reveal a culture problem:\xe2\x80\xa6"""
2018-05-01 00:09:39,b'@united #UnitedAirlines #BadFormPeter Finally experienced first-hand the famous UN-friendly service from the worst\xe2\x80\xa6 https://t.co/Wk6Qvuxy7o'
2018-04-30 23:56:33,b'#floridasunset #heritagepointe #goinghome #unitedairlines @ Heritage Pointe\xe2\x80\xa6 https://t.co/wjqzJnbo1t'
2018-04-30 23:27:03,"b'WOW, check out the Cover of the #unitedairlines magazine this\xe2\x80\xa6 https://t.co/yO7eFYM8zU'"
2018-04-30 22:47:49,b'Seems someone will likely miss there luggage tonight...... #lostbaggage #UnitedAirlines https://t.co/m4QaXM3pIk'
2018-04-30 22:45:55,"b""RT @Ashcablog: I'm starting to wonder what #UnitedAirlines has against pets \xf0\x9f\xa4\x94 https://t.co/7HgQr6ujYR"""
2018-04-30 22:31:55,b'RT @foppish_bum: First day back in the office and I miss flying already. \xf0\x9f\x98\x86 Picture taken few weeks ago onboard #UnitedAirlines #757 climbin\xe2\x80\xa6'
2018-04-30 22:30:37,b'RT @foppish_bum: First day back in the office and I miss flying already. \xf0\x9f\x98\x86 Picture taken few weeks ago onboard #UnitedAirlines #757 climbin\xe2\x80\xa6'
2018-04-30 22:26:35,b'First day back in the office and I miss flying already. \xf0\x9f\x98\x86 Picture taken few weeks ago onboard #UnitedAirlines #757\xe2\x80\xa6 https://t.co/7XyvRqen67'
2018-04-30 22:22:08,"b'RT @Todd_northliner: United has taken delivery of first 737- MAX 9. Painted in Dreamliner livery, UA expects 10 MAX 9s by end of 2018. Flig\xe2\x80\xa6'"
2018-04-30 22:21:05,b'Shame #UnitedAirlines https://t.co/JrcFUBkzex'
2018-04-30 22:16:43,"b'RT @Todd_northliner: United has taken delivery of first 737- MAX 9. Painted in Dreamliner livery, UA expects 10 MAX 9s by end of 2018. Flig\xe2\x80\xa6'"
2018-04-30 22:13:53,"b'RT @Todd_northliner: United has taken delivery of first 737- MAX 9. Painted in Dreamliner livery, UA expects 10 MAX 9s by end of 2018. Flig\xe2\x80\xa6'"
2018-04-30 21:20:13,b'United airlines told me my bag is too big to carry once I got to the gate.. same bag I carried on  here and every o\xe2\x80\xa6 https://t.co/YNS9FzI6Mw'
2018-04-30 21:10:34,b'USA summer trip starting to come to getting! .\nFlights booked! .\nNext to work out best way to get for Boston to Ver\xe2\x80\xa6 https://t.co/wFRtfR46oj'
2018-04-30 21:00:11,b'Admiring the view before an early morning take off at AVP!\xf0\x9f\x98\x8d\xf0\x9f\x9b\xab\n\n#earlymorningflight #unitedflight #united\xe2\x80\xa6 https://t.co/wvy6a4UZM7'
2018-04-30 20:58:27,"b'RT @AvGeek71: In this May, 1983 ad, Republic Airlines compares its first class pricing to American, Delta, and United.\n#airline #airlines #\xe2\x80\xa6'"
2018-04-30 20:55:29,b'Is it bad when they cant get the plane door open?? #unitedAIRLINES'
2018-04-30 20:50:23,"b'In this May, 1983 ad, Republic Airlines compares its first class pricing to American, Delta, and United.\n#airline\xe2\x80\xa6 https://t.co/n3tjPYummg'"
2018-04-30 20:36:53,"b'United has taken delivery of first 737- MAX 9. Painted in Dreamliner livery, UA expects 10 MAX 9s by end of 2018. F\xe2\x80\xa6 https://t.co/WOubKuwDoC'"
2018-04-30 20:26:51,"b""RT @SarahZurell: It's the end of an era. I'm officially done flying @united. They have bad policies &amp; no respect for customers. Due to horr\xe2\x80\xa6"""
2018-04-30 19:40:11,b'SKR8247 SKYMARKS UNITED 737-900ER 1/100 ECO SKIES In Stock! $149.95 each. Order yours today!\xe2\x80\xa6 https://t.co/6vtFAVKAGj'
2018-04-30 19:21:40,b'RT @dawningdark: #UnitedAirlines has nothing on this new slogan. @united #NewUnitedAirlinesMottos https://t.co/Hs87PhIJEC'
2018-04-30 19:06:14,"b'Update: entitled woman is now standing in the aisle, blocking everyone who wants to get by, so she can use the top\xe2\x80\xa6 https://t.co/CzA27JBM4R'"
2018-04-30 18:56:59,b'UNITED 787-8 Dreamliner ready for departure \xf0\x9f\x87\xba\xf0\x9f\x87\xb8\xe2\x9c\x88\xef\xb8\x8f\n.\n.\n.\n#united #unitedairlines #usa\xe2\x80\xa6 https://t.co/toIWi1jHVd'
2018-04-30 18:37:37,"b""Your airline is beyond a joke!!! I don't want to spend a whole day in Washington DC!!! #unitedAIRLINES  #UA #Pro-CB https://t.co/qbOoEm02ou"""
2018-04-30 18:29:23,b'RT @RjMitte: A little rest before the plane!  #plane #UnitedAirlines https://t.co/fCFiVTuihy'
2018-04-30 18:13:02,b'When the bag @united gives you as a replacement for the carry on they broke when trying to help out &amp; checking my b\xe2\x80\xa6 https://t.co/8EiLeaziy2'
2018-04-30 18:08:45,b'RT @AircraftVideos: An @united @BoeingAirplanes 737-824 [N76504] landing on 18R at Dallas/Fort Worth International Airport (DFW) on July 11\xe2\x80\xa6'
2018-04-30 18:05:14,b'An @united @BoeingAirplanes 737-824 [N76504] landing on 18R at Dallas/Fort Worth International Airport (DFW) on Jul\xe2\x80\xa6 https://t.co/LJtVcoXALD'
2018-04-30 17:55:08,"b""the recent #UnitedAirlines  incidents don't reflect a competence deficit at the airline; they reveal a culture prob\xe2\x80\xa6 https://t.co/6xefXn8JUJ"""
2018-04-30 17:27:00,"b'Why is it SO difficult flying out of Fresno! #UnitedAirlines,#FAT'"
2018-04-30 17:14:20,b'\xe2\x80\x9cUnited Airlines made me ABANDON my mobility device at the gate before my honeymoon\xe2\x80\x9d by @treyethan\xe2\x80\xa6 https://t.co/dWH6G3P23d'
2018-04-30 17:06:23,b'Entitled woman in the row in front of me insisted that other passengers move their bags in the overhead compartment\xe2\x80\xa6 https://t.co/yee8Qceb97'
2018-04-30 16:42:52,b'Brazil\xe2\x80\x99s Azul Gets United to Boost Ownership Stake to 8 Percent More news from one of the best airlines in South Am\xe2\x80\xa6 https://t.co/4SZsZO3CK4'
2018-04-30 16:10:08,"b'On my flight last Friday, I was very impressed to find that @united recycles on their planes. \xe2\x9c\x88\xef\xb8\x8f\xe2\x99\xbb\xef\xb8\x8fYou can really se\xe2\x80\xa6 https://t.co/2C5MzNM6xK'"
2018-04-30 16:07:18,b'Bumpy plane ride home saturday. Roads is so bad in PA that there are potholes in the air. #SMH #UnitedAirlines https://t.co/Kql1jQcIY0'
2018-04-30 15:54:51,"b'Not one to tell a one sided story, I have to admit that #UnitedAirlines came through yesterday. Flawless flight experience.'"
2018-04-30 15:28:53,b'A beautiful view of a beautiful city \xf0\x9f\x8c\x83 \xe2\x9c\x88\xef\xb8\x8f \n\n#unitedairlines #unitedjourney #beingunited #weareunited https://t.co/bSBOn466q1'
2018-04-30 15:24:36,b'RT @DrRafiei: Was impressed to see the latest issue of @IEEESpectrum at the @united Washington lounge... Compensates for the poor customer\xe2\x80\xa6'
2018-04-30 15:04:02,b'Catching up || A Week In Boston Part II #newengland #druxbury #plymouth #biking #beach #travel #family\xe2\x80\xa6 https://t.co/8TswlmQkSh'
2018-04-30 14:34:49,b'RT @ChrisDisaster: #DoYouKnow how to #Safely #Travel with #Lithium #Batteries \xe2\x80\x93 View video at https://t.co/Og32qGvj2F #Airplane #AirportLou\xe2\x80\xa6'
2018-04-30 14:15:41,b'#havenicemonday #friendzzz #unitedairlines #uplevel#soon#beachtime#beachbody #musclestrong\xe2\x80\xa6 https://t.co/PkaztxHkQ2'
2018-04-30 14:13:34,"b'RT @ACabri12: DID I MENTION #UNITEDAIRLINES SUCKS! 2 hour delayed flights, flight status changes, and 2 different customer service supervis\xe2\x80\xa6'"
2018-04-30 13:42:26,b'RT @ChrisDisaster: #DoYouKnow how to #Safely #Travel with #Lithium #Batteries \xe2\x80\x93 View video at https://t.co/Og32qGvj2F #Airplane #AirportLou\xe2\x80\xa6'
2018-04-30 13:38:53,"b""Never fly @united basic economy. Probably just don't fly @united at all.  Basic economy is just a scheme to overboo\xe2\x80\xa6 https://t.co/vVrGuqSgyy"""
2018-04-30 13:21:53,b'RT @ChrisDisaster: #DoYouKnow how to #Safely #Travel with #Lithium #Batteries \xe2\x80\x93 View video at https://t.co/Og32qGvj2F #Airplane #AirportLou\xe2\x80\xa6'
2018-04-30 13:02:00,b'vintage United Airlines Future Pilot metal pin 1960s https://t.co/cSUrWSqBGo #travelcollectible #etsy\xe2\x80\xa6 https://t.co/BHf8AxNWPE'
2018-04-30 12:57:39,b'RT @ChrisDisaster: #DoYouKnow how to #Safely #Travel with #Lithium #Batteries \xe2\x80\x93 View video at https://t.co/Og32qGvj2F #Airplane #AirportLou\xe2\x80\xa6'
2018-04-30 12:55:06,b'Need #MondayMotivation to #Plan2Travel for your next #vacation? Take a look at #UnitedAirlines New 2018 Seasonal Fl\xe2\x80\xa6 https://t.co/drsk31M2PN'
2018-04-30 12:45:28,b'RT @ChrisDisaster: #DoYouKnow how to #Safely #Travel with #Lithium #Batteries \xe2\x80\x93 View video at https://t.co/Og32qGvj2F #Airplane #AirportLou\xe2\x80\xa6'
2018-04-30 12:45:06,b'#DoYouKnow how to #Safely #Travel with #Lithium #Batteries \xe2\x80\x93 View video at https://t.co/Og32qGvj2F #Airplane\xe2\x80\xa6 https://t.co/awXB0Xsybc'
2018-04-30 12:42:14,"b'@ThomasCookCares Hello, I booked a signature package last week for New York, I am trying to upgrade my seats and it\xe2\x80\xa6 https://t.co/V5fkeSzNOs'"
2018-04-30 12:42:11,b'vintage United Airlines Future Pilot metal pin 1960s https://t.co/hTGAu7bJgi #travelcollectible #etsy\xe2\x80\xa6 https://t.co/nLuk7JX0Hm'
2018-04-30 12:35:15,b'RT @alisaamazingvtg: Vintage Air Travel Advertising United Air Lines Print Ad Color Original 1945 | eBay #vintage #airtravel #vintagead #Un\xe2\x80\xa6'
2018-04-30 12:25:43,b'Vintage Air Travel Advertising United Air Lines Print Ad Color Original 1945 | eBay #vintage #airtravel #vintagead\xe2\x80\xa6 https://t.co/rlbw6suTKc'
2018-04-30 12:21:46,"b'Plane in gate,crew waiting, passengers lining up \xe2\x80\x94 no gate agent. Usual United efficiency.  #unitedAIRLINES'"
2018-04-30 10:41:48,b'RT @AvgeekMel: B757 @united lining up on 23L at \n@manairport in the British sunshine for her return flight to Newark #avgeek #aviation #B75\xe2\x80\xa6'
2018-04-30 09:04:01,b'#UnitedAirlines FANTASTIC JOB for the WORST customer service I have ever experienced. Can\xe2\x80\x99t wait to tell all friend\xe2\x80\xa6 https://t.co/cySYkwaALA'
2018-04-30 08:58:35,"b'DID I MENTION #UNITEDAIRLINES SUCKS! 2 hour delayed flights, flight status changes, and 2 different customer servic\xe2\x80\xa6 https://t.co/WsGtRb1ZgO'"
2018-04-30 08:51:28,b'RT @BTN_News: United Airlines increases stake in Azul of Brazil #UnitedAirlines #Azul  https://t.co/l7flknR9xO'
2018-04-30 08:21:53,b'United Airlines increases stake in Azul of Brazil #UnitedAirlines #Azul  https://t.co/l7flknR9xO'
2018-04-30 06:06:59,"b'Random #UnitedAirlines fact. To buy a 1way ticket from Sac to SB, $440ish. Round trip $460ish. To use my miles for\xe2\x80\xa6 https://t.co/cMpdxuDfUg'"
2018-04-30 06:04:44,b'RT @dr_spencer: I regained my elite status on this flight. The flight attendant met me at the door with chocolates and an upgrade to Econom\xe2\x80\xa6'
2018-04-30 06:01:33,b'I regained my elite status on this flight. The flight attendant met me at the door with chocolates and an upgrade t\xe2\x80\xa6 https://t.co/H6RL9TwWGS'
2018-04-30 01:27:08,b'RT @smomsguy: #unitedairlines Thank you for the worst customer service experience I have seen in any industry in a long time.  Can\xe2\x80\x99t wait t\xe2\x80\xa6'
2018-04-30 01:26:49,b'RT @smomsguy: #unitedairlines Thank you for the worst customer service experience I have seen in any industry in a long time.  Can\xe2\x80\x99t wait t\xe2\x80\xa6'
2018-04-30 01:26:19,b'RT @smomsguy: #unitedairlines Thank you for the worst customer service experience I have seen in any industry in a long time.  Can\xe2\x80\x99t wait t\xe2\x80\xa6'
2018-04-30 00:24:00,"b'RT @TargetMyTravel: @united Airlines on approach for landing at Newark Liberty Airport, NJ. In the Distance glimpses of  Manhattan, NYC Sea\xe2\x80\xa6'"
2018-04-30 00:23:03,"b'@united Airlines on approach for landing at Newark Liberty Airport, NJ. In the Distance glimpses of  Manhattan, NYC\xe2\x80\xa6 https://t.co/Zu6TYQcTLz'"
2018-04-29 23:57:47,b'4 days ago Rep texted me lost item was found. Few calls and then 2 days later email from @united stating item hasn\xe2\x80\x99\xe2\x80\xa6 https://t.co/GJr4OlUswR'
2018-04-29 22:15:00,b'@united had a good flight UA425 from EWR . Both air hostess provided exemplary customer service and deserve big rou\xe2\x80\xa6 https://t.co/ZWbBZQ7bM7'
2018-04-29 20:38:05,"b'Just to recap my weekend with @united Friday night- delayed 1.5 hours, Sunday morning delayed 2 hours, but the cher\xe2\x80\xa6 https://t.co/k5siXTQIM6'"
2018-04-29 20:22:20,b'I knew there was a reason I NEVER fly #unitedAIRLINES.  No smiles.  No compassion.'
2018-04-29 20:18:08,b'what excuse do they have for this. #unitedAIRLINES diverted a plane for a dog onboard because it was on the wrong p\xe2\x80\xa6 https://t.co/sgR1SktgAz'
2018-04-29 20:15:28,b'@united what an experience. Not only did UA make me miss my connection yesterday causing me to be rebooked for toda\xe2\x80\xa6 https://t.co/Rrm2wKAdxR'
2018-04-29 19:20:51,b'Someone is going to be bummed tonight #unitedAIRLINES #lostluggage @united https://t.co/fzqfhlvczX'
2018-04-29 19:20:04,b'That exact moment when #unitedAIRLINES decide to change your seat without your consent and put you in a middle seat\xe2\x80\xa6 https://t.co/y0W6ukVqDr'
2018-04-29 18:34:23,b'On time departures at the expense of customers...they closed the gate 20 minutes before flight left!  And did not c\xe2\x80\xa6 https://t.co/S6kCMQ8gHJ'
2018-04-29 17:46:45,b'RT @RjMitte: A little rest before the plane!  #plane #UnitedAirlines https://t.co/fCFiVTuihy'
2018-04-29 17:43:08,b'Home sweet home. #nyc #westchester #unitedairlines #northcarolina #newarkairport https://t.co/mNvdItKJgF'
2018-04-29 17:15:10,b'@united your crew for flight 1219 Den-Lih of the 29th is amazing! They are making our flight a very fun one and we\xe2\x80\xa6 https://t.co/cvrqnbaIJq'
2018-04-29 17:08:00,"b'As the delay for your flight was due to Air Traffic Control, we do not offer compensation for uncontrollable delays\xe2\x80\xa6 https://t.co/uJrJwx0OD5'"
2018-04-29 16:32:50,b'Good morning! #hagadonehawaii #unitedairlines @ Honolulu International Airport https://t.co/cfAqZ54EDi'
2018-04-29 16:25:50,"b'Uh oh, there\xe2\x80\x99s a storm a\xe2\x80\x99brewing!\nBatten down the hatches!\n@weareunited @united #ewr #newarkairport #airportlife\xe2\x80\xa6 https://t.co/gbJmvpSXVN'"
2018-04-29 16:22:06,b'How can I be compensated for my inconvience???\n#unitedAIRLINES'
2018-04-29 16:17:11,b'30 minutes early on #unitedairlines to #den and 30 minutes on the tarmac with more than 4 other planes waiting for\xe2\x80\xa6 https://t.co/rsRzomTBCT'
2018-04-29 15:53:57,b'#unitedAIRLINES always manages to make flying unpleasant'
2018-04-29 15:51:49,b'@united Sent you several DMs still waiting for a reply #United #UnitedAirlines #flyingunited'
2018-04-29 15:43:37,b'RT @jadrobbins89: @British_Airways claiming executive club overhaul is a response to customer opinions. Just opened an account with #united\xe2\x80\xa6'
2018-04-29 15:43:11,b'@united No one communicated with me in advance that I\xe2\x80\x99d have an extra $50 of fees the day off because I bought an\xe2\x80\xa6 https://t.co/Ne7VlHuBgB'
2018-04-29 15:30:38,"b'On a mixed itinerary today Economy/paid First. Flight oversold, was willing to volunteer. #UnitedAirlines didn\xe2\x80\x99t wa\xe2\x80\xa6 https://t.co/FmvCcUtQ7h'"
2018-04-29 15:28:27,b'RT @AvgeekMel: B757 @united lining up on 23L at \n@manairport in the British sunshine for her return flight to Newark #avgeek #aviation #B75\xe2\x80\xa6'
2018-04-29 15:26:19,"b'Great job, Pilot Kevin! Making new friends at @fly2ohare #unitedAIRLINES https://t.co/xeIkBWzFZm'"
2018-04-29 15:23:49,b'RT @RjMitte: A little rest before the plane!  #plane #UnitedAirlines https://t.co/fCFiVTuihy'
2018-04-29 15:14:05,b'A little rest before the plane!  #plane #UnitedAirlines https://t.co/fCFiVTuihy'
2018-04-29 15:02:57,b'Fly the UNfriendly skies! \xf0\x9f\xa4\xa6\xf0\x9f\x8f\xbb\xe2\x80\x8d\xe2\x99\x82\xef\xb8\x8f\xe2\x9c\x88\xef\xb8\x8f\xf0\x9f\xa4\xa3         #united #unitedairlines #travel #airlines @ LAX - Los\xe2\x80\xa6 https://t.co/pD5bBLCLQ1'
2018-04-29 14:41:09,b'Very early morning #bromptononboard after a great weekend at @bromptonjunctionny #bromptonmafia #lga #dia\xe2\x80\xa6 https://t.co/pR1FGsUulN'
2018-04-29 14:16:44,b'RT @nonrevnick: Enjoying that sunset! @weareunited @united #boeing737 #denverinternationalairport #ramplife #whyiloveao #aviation #unitedai\xe2\x80\xa6'
2018-04-29 14:05:28,b'RT @AvgeekMel: B757 @united lining up on 23L at \n@manairport in the British sunshine for her return flight to Newark #avgeek #aviation #B75\xe2\x80\xa6'
2018-04-29 13:51:12,b'ATM...flying with #UnitedAirlines you see different types of annoying people. Annoying Type 1: Opens the overhead c\xe2\x80\xa6 https://t.co/GE2BUzcw8G'
2018-04-29 13:33:17,b'RT @AvgeekMel: B757 @united lining up on 23L at \n@manairport in the British sunshine for her return flight to Newark #avgeek #aviation #B75\xe2\x80\xa6'
2018-04-29 13:15:07,b'2 planes landing at the same time.  Freaky.  #sfoairport #plane #unitedairlines https://t.co/6H373X2Wgn'
2018-04-29 12:36:42,"b""RT @travellingwith1: Oh My! It's Elvis Trivia! Titanic Trivia and Travel Trivia day today at 2pm et with Travelling with Bruce https://t.co\xe2\x80\xa6"""
2018-04-29 11:37:20,b'RT @AvgeekMel: B757 @united lining up on 23L at \n@manairport in the British sunshine for her return flight to Newar\xe2\x80\xa6 https://t.co/laNwT7oMCD'
2018-04-29 11:11:23,b'RT @AvgeekMel: B757 @united lining up on 23L at \n@manairport in the British sunshine for her return flight to Newark #avgeek #aviation #B75\xe2\x80\xa6'
2018-04-29 11:07:22,b'RT @AvgeekMel: B757 @united lining up on 23L at \n@manairport in the British sunshine for her return flight to Newark #avgeek #aviation #B75\xe2\x80\xa6'
2018-04-29 11:03:13,"b'Whenever sitting in the exit row, when asked if I\'m ok to perform the requirements.....I always answer with ""I acce\xe2\x80\xa6 https://t.co/uxhGjddx14'"
2018-04-29 11:01:53,b'RT @AvgeekMel: B757 @united lining up on 23L at \n@manairport in the British sunshine for her return flight to Newark #avgeek #aviation #B75\xe2\x80\xa6'
2018-04-29 11:00:00,b'B757 @united lining up on 23L at \n@manairport in the British sunshine for her return flight to Newark #avgeek\xe2\x80\xa6 https://t.co/SmmqJOaEF8'
2018-04-29 10:23:35,b'Was impressed to see the latest issue of @IEEESpectrum at the @united Washington lounge... Compensates for the poor\xe2\x80\xa6 https://t.co/L94k9I3RrZ'
2018-04-29 07:57:09,b'@dgwbirch @Chris_Skinner His there still someone that flies #unitedAIRLINES ? I stopped 12 years ago after an horri\xe2\x80\xa6 https://t.co/eSiq7N8Qhs'
2018-04-29 04:59:46,b'#unitedairlines Thank you for the worst customer service experience I have seen in any industry in a long time.  Ca\xe2\x80\xa6 https://t.co/NTDYWrV1Ii'
2018-04-29 04:32:13,b'When your flight is full and your row looks like this..... \n#igotlucky \n#unitedairlines\xe2\x80\xa6 https://t.co/4AlgunCG1F'
2018-04-29 03:36:56,"b""I debated on saying anything about this but after listening to Lee Cockerell's podcast Creating Disney Magic I thou\xe2\x80\xa6 https://t.co/W1jTL2HNUr"""
2018-04-29 03:00:13,b'Pump up Your United Airlines MileagePlus Earnings - https://t.co/5mTwRCuRDv - #BP #MilesPoints #UnitedAirlines\xe2\x80\xa6 https://t.co/U6jSFcp5Xx'
2018-04-29 00:48:29,b'RT @nonrevnick: Enjoying that sunset! @weareunited @united #boeing737 #denverinternationalairport #ramplife #whyiloveao #aviation #unitedai\xe2\x80\xa6'
2018-04-29 00:43:47,b'The pilots and crew on @united are always the best of the best. Thanks team for yet another amazing flight. United\xe2\x80\xa6 https://t.co/dV9u6NuCUQ'
2018-04-29 00:00:39,"b'After turning back around mid-Atlantic yesterday and finally getting on a new flight to Europe over 24 hours later,\xe2\x80\xa6 https://t.co/53TnHweOJy'"
2018-04-28 23:46:42,"b""'It was so loud and dark': Georgia recalls horror of Flight 811. I was a kid when this happened &amp; I have never flow\xe2\x80\xa6 https://t.co/YqUYAupl7z"""
2018-04-28 23:45:47,b'Just landed in Houston. Survived my ink pen burping up al over my hand. Cleaned up and got some writing done.\xe2\x80\xa6 https://t.co/C9o4euFAjR'
2018-04-28 23:24:25,b'RT @UnitedFlyerHD: United B737-900ER (N69824) decelerates on SeaTac 34L with Mt Rainier in the background. \n#avgeek #Boeing #boeing737 #Uni\xe2\x80\xa6'
2018-04-28 23:23:31,b'RT @UnitedFlyerHD: United Express (op by Mesa) E175 on Houston IAH 33L with a Lufthansa A380\n#avgeek #UnitedAirlines #MesaAirlines #UnitedE\xe2\x80\xa6'
2018-04-28 21:45:56,b'Stuck in Charlottesville on @united airlines. Told they will get me home tomorrow. No upgraded seats and no voucher\xe2\x80\xa6 https://t.co/DdxQxDH4O7'
2018-04-28 21:25:25,b'Enjoying that sunset! @weareunited @united #boeing737 #denverinternationalairport #ramplife #whyiloveao #aviation\xe2\x80\xa6 https://t.co/wyNwMoEbBl'
2018-04-28 21:23:07,b'After all the inconvenience from #unitedairlines all I get is an apology... never again I will take my money else w\xe2\x80\xa6 https://t.co/Nn5tLgkOIr'
2018-04-28 21:22:39,b'Ive never been as displeased with a Airline as I have with United #UnitedAirlines'
2018-04-28 21:10:14,b'Yep. One signed copy of Air Born given to Capt. Tyler. TY for the awesome view of NYC after takeoff.\n\n#flying\xe2\x80\xa6 https://t.co/zqmXeZZpM4'
2018-04-28 20:31:40,b'Poor communication #unitedAIRLINES \nDo you guys care anything about your customers.. Flight delayed 1hr 40mins then\xe2\x80\xa6 https://t.co/pDfnNXOTie'
2018-04-28 20:29:52,b'Flight delayed 2hrs without being notified why.. After boarding forced to have my bag checked because they combined\xe2\x80\xa6 https://t.co/5IQZQgNhDI'
2018-04-28 20:19:31,"b'RT @LimaSierraPhoto: Beautiful, brand new @united @BoeingAirplanes 737 MAX 9! Looks fantastic both inside and out! \n\n#UnitedAirlines #AvGee\xe2\x80\xa6'"
2018-04-28 19:57:36,b'RT @UnitedFlyerHD: United Express (op by Mesa) E175 on Houston IAH 33L with a Lufthansa A380\n#avgeek #UnitedAirlines #MesaAirlines #UnitedE\xe2\x80\xa6'
2018-04-28 19:42:04,"b""RT @travellingwith1: Oh My! It's Elvis Trivia! Titanic Trivia and Travel Trivia day today at 2pm et with Travelling with Bruce https://t.co\xe2\x80\xa6"""
2018-04-28 19:38:35,"b'RT @haileys_hand: Wow! @united is absolutely amazing. This kid had the biggest smile on her face. Welcome to O\xe2\x80\x99hare, compliments of United\xe2\x80\xa6'"
2018-04-28 18:25:20,b'Satisfaction with #airlines drops. Travelers cite in-flight service and uncomfortable seats. #SouthwestAirlines had\xe2\x80\xa6 https://t.co/GS2L8bGqTr'
2018-04-28 18:22:01,b'RT @TargetMyTravel: Boarding Canada regional jet @skywestairlines operating for United Airlines at San Francisco International Airport. Boo\xe2\x80\xa6'
2018-04-28 18:21:04,b'Boarding Canada regional jet @skywestairlines operating for United Airlines at San Francisco International Airport.\xe2\x80\xa6 https://t.co/dXe7IiKYUi'
2018-04-28 18:04:17,b'RT @foppish_bum: #UnitedAirlines #Embraer #E175 taking me from Vancouver to Los Angeles. \xf0\x9f\x98\x84 ..\n..\n#AvGeek #AviationPhotography #MileagePlus\xe2\x80\xa6'
2018-04-28 18:03:11,b'These awesome folks at #UnitedAirlines just took about 30 minutes to make sure we made it in Boston  for the Celtic\xe2\x80\xa6 https://t.co/BiblR6ibXP'
2018-04-28 17:28:24,b'#UnitedAirlines @united getting ready to board a flight that is FULL flight 830 PDX to DEN with ONE working bathroo\xe2\x80\xa6 https://t.co/ml0JS4cvng'
2018-04-28 17:15:25,b'RT @AIRPLANESHOP: G54100 UNITED 787-9 1/100  In Stock! $389.95 each. Order yours today!  https://t.co/TUOUjo3mAN #united #unitedairlines #a\xe2\x80\xa6'
2018-04-28 17:01:03,b'G54100 UNITED 787-9 1/100  In Stock! $389.95 each. Order yours today!  https://t.co/TUOUjo3mAN #united\xe2\x80\xa6 https://t.co/vgNXDOI9xU'
2018-04-28 16:55:50,b'Advertise wifi on a 3 hr flight then suddenly its broken... AC broken while leaving us on the tarmac for 30+ minute\xe2\x80\xa6 https://t.co/itw0JiGmng'
2018-04-28 16:54:22,"b'@united starves pregnant women unless they are in first class,regardless of the fact that us economy passengers pai\xe2\x80\xa6 https://t.co/LaJjQ5hh40'"
2018-04-28 16:35:33,"b'RT @haileys_hand: Wow! @united is absolutely amazing. This kid had the biggest smile on her face. Welcome to O\xe2\x80\x99hare, compliments of United\xe2\x80\xa6'"
2018-04-28 16:23:31,"b""RT @travellingwith1: Oh My! It's Elvis Trivia! Titanic Trivia and Travel Trivia day today at 2pm et with Travelling with Bruce https://t.co\xe2\x80\xa6"""
2018-04-28 16:23:02,"b""RT @travellingwith1: Oh My! It's Elvis Trivia! Titanic Trivia and Travel Trivia day today at 2pm et with Travelling with Bruce https://t.co\xe2\x80\xa6"""
2018-04-28 16:22:29,"b""Oh My! It's Elvis Trivia! Titanic Trivia and Travel Trivia day today at 2pm et with Travelling with Bruce\xe2\x80\xa6 https://t.co/o0DHpQnn5U"""
2018-04-28 16:19:02,"b""Oh My! It's Elvis Trivia! Titanic Trivia and Travel Trivia day today at 2pm et with Travelling with Bruce\xe2\x80\xa6 https://t.co/oJ50C52XyF"""
2018-04-28 15:41:49,b'Waited an hour on #UnitedAirlines Flight 447 Saturday. One of their pilots enters at 50 minutes. They wait 10 more\xe2\x80\xa6 https://t.co/j5cDMzBGRH'
2018-04-28 15:07:32,b'Big thanks to Eric @united @fly_SAV for getting my mum home around big weather. Great customer service. #unitedairlines #savannahairport'
2018-04-28 15:00:12,b'Thanks #UnitedAirlines for ruining my trip to Canc\xc3\xban for a destination wedding. I was to be in Canc\xc3\xban at 10 am. Now\xe2\x80\xa6 https://t.co/lhsDUhg9iu'
2018-04-28 14:57:20,"b""YES! We're taking our flight 5/1 SFO to TPE and returning on 5/22 TPE to SFO. My mom will hit lifetime 4 million mi\xe2\x80\xa6 https://t.co/CS77GckgOD"""
2018-04-28 14:48:00,"b'RT @haileys_hand: Wow! @united is absolutely amazing. This kid had the biggest smile on her face. Welcome to O\xe2\x80\x99hare, compliments of United\xe2\x80\xa6'"
2018-04-28 14:38:11,b'RT @DealHunter122: Airline ephemera\nhttps://t.co/Fpvez6Pglk\n#BoardingPassHongKong #RoyalPacificService #UnitedAirlines #DepartureTaxHongKon\xe2\x80\xa6'
2018-04-28 13:40:24,b'@united arriving into BUF with the A320 from EWR #UnitedAirlines #A320 https://t.co/EHRa5yQu6Z'
2018-04-28 13:37:30,b'RT @JaspreetTravels: ORD \xe2\x9c\x88\xef\xb8\x8f AUS \n\n#beingunited #unitedairlines #unitedjourney #avgeek https://t.co/5yLfBPWMBQ'
2018-04-28 13:06:43,b'RT @SplicedX: #UnitedAirlines helps customers keep track of their beatings with punch cards. https://t.co/htt732nk1u'
2018-04-28 12:59:22,b'ORD \xe2\x9c\x88\xef\xb8\x8f AUS \n\n#beingunited #unitedairlines #unitedjourney #avgeek https://t.co/7EKaSTXVLd'
2018-04-28 12:53:46,b'RT @jchakhalidze: United Airlines Stock Drops $1.4 Billion After Passenger Removal Controversy \xf0\x9f\x99\x83\xf0\x9f\x91\x8d\xf0\x9f\x8f\xbb\xf0\x9f\xa4\xa6\xf0\x9f\x8f\xbb\xe2\x80\x8d\xe2\x99\x82\xef\xb8\x8f #UnitedAirlines #united #flyunited\xe2\x80\xa6'
2018-04-28 12:17:10,b'RT @UnitedFlyerHD: United Express (op by Mesa) E175 on Houston IAH 33L with a Lufthansa A380\n#avgeek #UnitedAirlines #MesaAirlines #UnitedE\xe2\x80\xa6'
2018-04-28 10:38:38,b'RT @UnitedFlyerHD: United Express (op by Mesa) E175 on Houston IAH 33L with a Lufthansa A380\n#avgeek #UnitedAirlines #MesaAirlines #UnitedE\xe2\x80\xa6'
2018-04-28 10:37:12,b'My friends and I just lost our flight to Chicago thanks to @united incompetency \xf0\x9f\xa4\xac\xf0\x9f\x98\xa4 Never again.. #unitedairlines #wtf #miami #chicago'
2018-04-28 10:01:56,b'RT @UnitedFlyerHD: United Express (op by Mesa) E175 on Houston IAH 33L with a Lufthansa A380\n#avgeek #UnitedAirlines #MesaAirlines #UnitedE\xe2\x80\xa6'
2018-04-28 10:00:29,b'RT @UnitedFlyerHD: United Express (op by Mesa) E175 on Houston IAH 33L with a Lufthansa A380\n#avgeek #UnitedAirlines #MesaAirlines #UnitedE\xe2\x80\xa6'
2018-04-28 09:47:58,b'#UnitedAirlines #Boeing #B789 #B787 #Dreamliner is seen winging its way to Los Angeles as flight\xe2\x80\xa6 https://t.co/pCin6QYfTp'
2018-04-28 09:36:23,"b'@united Appreciate efforts.  But no bags, two hour wait, rebooked on American (not Economy Plus) and a lost Qantas\xe2\x80\xa6 https://t.co/IONUhe66cx'"
2018-04-28 09:35:16,b'A big thank you to Teresa S @ #UnitedAirlines @ the Raleigh airport. We need more and more people like you. Very ki\xe2\x80\xa6 https://t.co/yoK9NAkFKW'
2018-04-28 07:18:58,b'RT @KevinPullen10: @united - scene now at Houston airport where my sister is stranded due to Sydney flight cancellation.  Hardly any staff\xe2\x80\xa6'
2018-04-28 07:16:47,b'@united - scene now at Houston airport where my sister is stranded due to Sydney flight cancellation.  Hardly any s\xe2\x80\xa6 https://t.co/dJzZKgvn77'
2018-04-28 07:04:45,b'RT @UnitedFlyerHD: United Express (op by Mesa) E175 on Houston IAH 33L with a Lufthansa A380\n#avgeek #UnitedAirlines #MesaAirlines #UnitedE\xe2\x80\xa6'
2018-04-28 06:55:01,b'RT @kelliokc: Might have had my last flight on #unitedairlines last night. Worst customer service on the planet. End of story. What do they\xe2\x80\xa6'
2018-04-28 06:54:55,"b'By ""cutting ties"" with the #NRA you are only making them more powerful so thank you! Additionally it\'s just bad bus\xe2\x80\xa6 https://t.co/CxrMRhEwHh'"
2018-04-28 05:06:46,b'#Chinese #travelers should fly #CathayPacific #planes not #UnitedAirlines. #United is uncomfortable &amp; unsafe.\xe2\x80\xa6 https://t.co/E7TLinbyg4'
2018-04-28 04:58:25,"b'RT @PaulFDavis: #UnitedAirlines has yet to refund me for inadequate, unsafe &amp; uncomfortable seating in Economy Plus for which I paid extra\xe2\x80\xa6'"
2018-04-28 04:37:00,b'RT @UnitedFlyerHD: United Express (op by Mesa) E175 on Houston IAH 33L with a Lufthansa A380\n#avgeek #UnitedAirlines #MesaAirlines #UnitedE\xe2\x80\xa6'
2018-04-28 03:48:16,"b'RT @GeminiJets: JUST LANDED! @GeminiJets 1:400-scale @united Express @embraer ERJ-175 ERJ-175LR E175 E175LR, item GJUAL1728. See a list of\xe2\x80\xa6'"
2018-04-28 03:47:55,b'So typical of @united delays delays delays always #expecttheworse from #UnitedAirlines'
2018-04-28 03:43:54,b'@SouthwestAir @ChristineMHaas In fact you made her next flight even a worse nightmare. 6 hour delay. Yikes. #unitedairlines we miss you'
2018-04-28 03:28:13,b'RT @UnitedFlyerHD: United Express (op by Mesa) E175 on Houston IAH 33L with a Lufthansa A380\n#avgeek #UnitedAirlines #MesaAirlines #UnitedE\xe2\x80\xa6'
2018-04-28 02:48:29,b'RT @UnitedFlyerHD: United Express (op by Mesa) E175 on Houston IAH 33L with a Lufthansa A380\n#avgeek #UnitedAirlines #MesaAirlines #UnitedE\xe2\x80\xa6'
2018-04-28 02:40:59,b'United Express (op by Mesa) E175 on Houston IAH 33L with a Lufthansa A380\n#avgeek #UnitedAirlines #MesaAirlines\xe2\x80\xa6 https://t.co/50sAKNtkPw'
2018-04-28 02:39:36,b'RT @Word_Stringer: Introducing my latest book. Two Towers is a memoir that tells the story of a perfect personal storm: my work at #unitedA\xe2\x80\xa6'
2018-04-28 01:31:53,b'Travel to Houston by United Airlines \nhttps://t.co/ixLq27BzeG\n#Houston #Unitedairlines #studyabroad #riceuniversity\xe2\x80\xa6 https://t.co/1lAvQ85vXI'
2018-04-28 00:29:11,"b'RT @haileys_hand: Wow! @united is absolutely amazing. This kid had the biggest smile on her face. Welcome to O\xe2\x80\x99hare, compliments of United\xe2\x80\xa6'"
2018-04-28 00:23:23,b'Follow up to @united. Crew fantastic and a compliment drink. #unitedAIRLINES is trying. Thank you'
2018-04-28 00:11:33,b'@realDonaldTrump needs to stand up to #China bullying of American companies! #MAGA #UnitedAirlines #AmericanAirlines'
