2018-08-10 21:58:08,"b'@Avianca Annoyed Business Class Client, flights cancelled, months with Customer Service and so far no resolution fo\xe2\x80\xa6 https://t.co/apsyd87DMR'"
2018-08-10 20:32:33,b'@lauracharrype @RevistaDinero Interesting recently with pleasant safe on time flight from #costarica to #panama\xe2\x80\xa6 https://t.co/sVjUWCCGih'
2018-08-10 20:17:02,"b'This is a joke, as you can see is a permanent ad restricting @prioritypasscom members, @Avianca each day is becomin\xe2\x80\xa6 https://t.co/Z4PbaPL3sb'"
2018-08-10 13:19:33,b'@HernanRAvianca @Avianca How avianca delays on all your Colombian National Flights in the month of Augusto?'
2018-08-10 13:13:08,"b'""Improved customer experience and increased productivity"" we are 100% focussed on delivering to these key goals wit\xe2\x80\xa6 https://t.co/HJbCI4NZNp'"
2018-08-10 11:30:20,"b'Find out why @Avianca SVP Maria Paula Duque believes they \xe2\x80\x9cneed to adapt [their] system, [their] back office, [thei\xe2\x80\xa6 https://t.co/wcmJFnBD8K'"
2018-08-10 05:30:44,b'@HernanRAvianca @Avianca Thats an amazing view after your delays domestically'
2018-08-10 02:04:18,b'@HernanRAvianca @Avianca Jum ... tarde !'
2018-08-10 01:53:02,"b'@tiftonia98 @AviancaAbusa @united @Avianca Do not ever use Avianca again, it is one of the worst airline in the world'"
2018-08-09 21:56:10,"b'@HernanRAvianca @Avianca You need to travel and experience 7 days without luggage and people from Avianca saying ""n\xe2\x80\xa6 https://t.co/cfo6O6ih0L'"
2018-08-09 21:54:16,"b""@Avianca @HernanRAvianca Serio? Son pesimos en servicio, llevo 7 d\xc3\xadas con mi equipaje perdido.\nReally? You don't kn\xe2\x80\xa6 https://t.co/DYS2lmN8Kr"""
2018-08-09 21:48:22,b'@AviancaEscucha Scheduled to board and not a single Avianca staff member in sight @Avianca https://t.co/nNLRtDvKE9'
2018-08-09 21:44:10,b'@AviancaEscucha @Avianca where is your attentiveness?'
2018-08-09 21:24:00,"b'@presidenteacdac @Avianca Not only the pilots protest against their mismanagement, all Colombia does. Blaming other\xe2\x80\xa6 https://t.co/sHj1dVWgqg'"
2018-08-09 21:19:09,"b""@united @Avianca Hey guys, I'm stranded In San Cristobal because you won't let me on a flight I paid for. My vacati\xe2\x80\xa6 https://t.co/zoZxYTMemn"""
2018-08-09 21:12:09,b'@Carito_Go @Avianca What!!!!!'
2018-08-09 18:53:43,"b'@AviancaEscucha Well, considering you haven\xe2\x80\x99t responded to me for 6 hours I don\xe2\x80\x99t consider this \xe2\x80\x9cattentive\xe2\x80\x9d. #stranded by @Avianca'"
2018-08-09 16:28:05,b'@ghimlay @azulinhasaereas @united Any chance of a Joint Joint-Venture? @united with @azulinhasaereas with @CopaAirlines with @Avianca ?'
2018-08-09 16:25:23,"b'@Avianca lands in @MCO #Orlando on three new sectors from #GuatemalaCity, #Lima, #SanSalvador\nhttps://t.co/svIPXgQ3i0 via @annaaero'"
2018-08-09 15:46:57,b'@pipeguz @AviancaAbusa @Avianca Terrible @Avianca'
2018-08-09 14:32:44,b'@Avianca. The Queen of Spanish skies. https://t.co/xTp4hLAjzl'
2018-08-09 14:30:01,"b'.@Avianca, @CopaAirlines and @united are in talks toward reaching an agreement to combine their routes between the\xe2\x80\xa6 https://t.co/c5S95Nunf3'"
2018-08-09 14:25:18,"b""@tiftonia98 @AviancaAbusa @united @Avianca Be grateful that @Avianca didn't lose your bags.\nIt's a common issue down there...\nBest regards"""
2018-08-09 13:44:00,b'@drcata @Avianca Triple'
2018-08-09 13:05:58,b'@therealmiamazin @SecretFlying @HoneyBadger10 @Avianca I know you love your last min getaway sales lol'
2018-08-09 12:56:29,b'@drcata @Avianca Tome sus \xf0\x9f\x91\x93\xf0\x9f\x98\x8e'
2018-08-09 12:39:05,b'@ALBDamn @SecretFlying @HoneyBadger10 @Avianca THanks!'
2018-08-09 11:36:08,"b'Toronto, Canada to Costa Rica for only $332 CAD roundtrip with @Avianca.\n\nhttps://t.co/3hgHY0MQPf https://t.co/qL0Fogn5e5'"
2018-08-09 11:27:13,b'@drcata @Avianca Triples\xc2\xa1\xc2\xa1\xc2\xa1\xc2\xa1'
2018-08-09 08:59:12,b'@SharzadShini @Avianca My God.  Shambolic'
2018-08-09 08:57:58,b'The extent of @Avianca communication when your flight is cancelled for a second time: a scrawl to a hotel reception\xe2\x80\xa6 https://t.co/tBrAVq0Shi'
2018-08-09 08:36:41,b'Never fly @Avianca. They will leave you stranded in foreign countries without even contacting you. 3rd cancelled fl\xe2\x80\xa6 https://t.co/WGJFhkQdgW'
2018-08-09 02:33:42,"b'If y\xe2\x80\x99all ever fly @Avianca, their lasagna is the best shit that could ever exist'"
2018-08-08 23:08:13,b'@CopaAirlines joins joint venture talks with @Avianca and @united https://t.co/APpZPpWs6K https://t.co/yWfN7FE7X5'
2018-08-08 22:15:12,"b'@ghimlay @Avianca @united @CopaAirlines Yes, with United.'"
2018-08-08 22:12:49,b'@luisevanegas @Avianca @united @CopaAirlines He said last year they were almost done with United \xf0\x9f\xa4\x94'
2018-08-08 22:12:31,"b""@ghimlay @Avianca @united @CopaAirlines They are all over the place. It makes me think they're going no where with this JV."""
2018-08-08 22:09:27,"b'@ghimlay @Avianca @united @CopaAirlines Last week, Hern\xc3\xa1n Rinc\xc3\xb3n said  that the joint business was already at 99%.'"
2018-08-08 22:05:58,b'Hey @Avianca how could you possibly lose an entire plane of luggages?? https://t.co/418DEyY99Z'
2018-08-08 22:00:06,"b'Latin America: leading airlines, the start-ups and market stimulation - https://t.co/u2WZmPiBi3 @LATAMAirlines\xe2\x80\xa6 https://t.co/EVkS2DHZfn'"
2018-08-08 21:42:07,"b'.@Avianca says it has been in three-way talks with @United and @CopaAirlines for a potential joint business, but no guarantee it will happen'"
2018-08-08 19:24:58,b'#AviancaApesta #AviancaMiente #Aviancacomprapremios @staralliance worst partner is @Avianca @TripAdvisor https://t.co/43NGzIpttT'
2018-08-08 19:16:55,b'So far so good with @Avianca #Cheers #travel #airtravel #travelbloggers #traveltips #Colombia #AVGeek\xe2\x80\xa6 https://t.co/pdZnzbNDgI'
2018-08-08 16:39:10,"b'Very disappointed with @united and @Avianca As a paying United club member, I was denied access to the Avianca loun\xe2\x80\xa6 https://t.co/ASAraLpXER'"
2018-08-08 15:17:57,b'Looking forward to another journey with @Avianca #Colombia #travel #airtravel #travelbloggers #businesstravel\xe2\x80\xa6 https://t.co/mex5TfSS9u'
2018-08-08 14:34:16,"b'@Avianca thanks for blaming on me on missing my flight because I ""confirmed"" the flight change ""voluntarily"", when\xe2\x80\xa6 https://t.co/Q7fyNStJbd'"
2018-08-08 12:00:30,b'Grab your Early Bird delegate passes to the Latin America Aviation &amp; LCC Summit this September. Hear from @Avianca\xe2\x80\xa6 https://t.co/4e6Lcs3nVV'
2018-08-08 11:51:42,b'@BoeingCEO @Boeing is as guilty as @Avianca for supplying non union pilots. Read @davidbehnke19 tweet of list of pi\xe2\x80\xa6 https://t.co/RoFP8psNCO'
2018-08-08 11:47:22,b'Stand up for our pilots worldwide! @Avianca paying @BoeingCEO @Boeing for non union pilots to fly for Av while stil\xe2\x80\xa6 https://t.co/bP8xSB0AHz'
2018-08-08 11:46:06,b'This won\xe2\x80\x99t change unless pilots unite and help by not flying for fired @Avianca pilots and stop @Boeing @BoeingCEO\xe2\x80\xa6 https://t.co/luFUYycWWa'
2018-08-08 09:12:24,b'That @staralliance @airbus #A330-200 of @Avianca arriving at @Aeropuerto_BCN in June 2016:\n\nhttps://t.co/cegFhmQXz1\xe2\x80\xa6 https://t.co/TkZWg7QazD'
2018-08-08 03:32:02,b'&amp; they finished checking in before me when i got there first and all i was there was to drop my check in luggage ca\xe2\x80\xa6 https://t.co/MAOSD6RvO7'
2018-08-08 03:32:02,"b'next, a word with @Avianca, i felt profiled while checking in. staff ""checks"" my booking, asks if i live at the des\xe2\x80\xa6 https://t.co/RTZtqTytK3'"
2018-08-08 02:29:03,b'@Avianca sucks'
2018-08-08 00:57:52,b'Nice job @Avianca ! 5 bags lost with approx 150kg of contents and you have no idea where they are.. like always you\xe2\x80\xa6 https://t.co/Xw1H6DMEz7'
2018-08-07 21:37:28,"b""HEY @Avianca I just DM you with a problem I'm having with tickets"""
2018-08-07 20:47:52,b'#planespotting @iah #Houston with @SingaporeAir @British_Airways @lufthansa and @Avianca https://t.co/6hiaYtjUKf'
2018-08-07 11:43:17,b'Fired pilots from @Avianca and fired pilots who wouldn\xe2\x80\x99t fly as scabs for @Boeing @BoeingCEO read the list tweet\xe2\x80\xa6 https://t.co/Ee1jBgfikb'
2018-08-07 11:31:33,b'Back the fired striking pilots of @Avianca and the fired forced to resign to not work as scabs for AV while @Boeing\xe2\x80\xa6 https://t.co/EI2GhX2sg1'
2018-08-07 08:12:49,b'@steve_m_fraser @Avianca @staralliance I have an emergency suitcase ready to send for just this eventuality. Safari\xe2\x80\xa6 https://t.co/2pc0eKT9Ji'
2018-08-07 06:47:42,b'That is ironic. First asked @Avianca to help me on 06/05/18 - they still haven\xe2\x80\x99t actioned my request. I hope their\xe2\x80\xa6 https://t.co/0s6l0czxZB'
2018-08-07 03:46:53,b'Airbus a320-214\n@Avianca https://t.co/xDQNgaH4wh'
2018-08-07 02:26:32,b'@CamiloSilvaJ @PaolaHolguin @JuanManSantos @Avianca @ECOPETROL_SA @BancosAval @Bancolombia @TecnoglassSA\xe2\x80\xa6 https://t.co/qrne5JKePQ'
2018-08-06 23:59:54,"b'@RakinLoL @brttOficial @Avianca @policiafederal 2 giants lado a lado, holy'"
2018-08-06 23:00:31,b'@steve_m_fraser @Avianca @staralliance Worst service I have ever experienced in my life'
2018-08-06 22:51:34,b'Worst flight experience ever today. Supposed to fly JFK - Cusco via Bogot\xc3\xa1. Flight from JFK late. Wasn\xe2\x80\x99t allowed on\xe2\x80\xa6 https://t.co/D79Y7No0gt'
2018-08-06 21:58:37,b'@CamiloSilvaJ @JuanManSantos @Avianca @ECOPETROL_SA @BancosAval @Bancolombia @TecnoglassSA @ValoraAnalitik Grave !!'
2018-08-06 17:25:54,b'Should I be a #proudfather? Nightmare journey from JFK to Cuzco @Avianca - so grateful for small mercies https://t.co/Y12IPCKFG4'
2018-08-06 13:41:48,b'Haha that\xe2\x80\x99s funny. @Acdac1 @100Apoyopilotos @Avianca @BoeingCEO @Boeing since AV is paying Boeing for non union pil\xe2\x80\xa6 https://t.co/DrLo2Cx7mE'
2018-08-06 13:22:18,b'#avianca sold me a ticket from SPaulo to USA with stopover in BOG. Gave me no warning about yellow fever vacc req i\xe2\x80\xa6 https://t.co/yDv487NSfc'
2018-08-06 13:19:53,b'@Avianca I sent a private message about my refund status and you guys have chose to completely ignore it.'
2018-08-06 06:53:22,b'@RakinLoL @caju_sz @brttOficial @Avianca @policiafederal homen sancto'
2018-08-06 04:50:24,b'@Avianca You have to do much better with your check-in experience and organization at @iflymia Maybe take a cue fro\xe2\x80\xa6 https://t.co/Z2ftG5r5BP'
2018-08-06 03:32:48,b'@PatoPapao @RakinLoL @caju_sz @brttOficial @Avianca @policiafederal cade o the sims ?'
2018-08-06 03:32:26,b'@RakinLoL @PatoPapao @caju_sz @brttOficial @Avianca @policiafederal PATIN CONFIRMED'
2018-08-06 02:56:05,b'@LuskaGarcia @brttOficial @RakinLoL @Avianca @policiafederal Humilde'
2018-08-06 02:17:58,b'One of my favorite av geek \xe2\x9c\x88\xef\xb8\x8f moments at #LAX https://t.co/fNOBSRjgaE this year happened yesterday. Read my entire\xe2\x80\xa6 https://t.co/z5NbCy5UE4'
2018-08-05 20:37:55,"b'@Avianca is completely a #trash business.\n9 hour delay on AV16 with no compensation, #crap employees who insult old\xe2\x80\xa6 https://t.co/rvXQgDg7VX'"
2018-08-05 20:29:05,b'@Avianca what type of restitution are you planning for the passengers of flight #42 MED to JFK? This type of bad se\xe2\x80\xa6 https://t.co/dwEuusRN9p'
2018-08-05 20:19:20,b'@Avianca Unbelievable that due to your monopoly you continue to take advantage of your paying customers. How is it\xe2\x80\xa6 https://t.co/1lJ0nrd3Oz'
2018-08-05 19:31:49,b'@AviancaEscucha @Avianca over 100 days since requesting refund of fully refundable ticket and still waiting. #scam'
2018-08-05 18:55:56,b'@Avianca Colombia has the worst customer service... no wonder you guys are going out of business here. Your suppose\xe2\x80\xa6 https://t.co/clPfjqDotU'
2018-08-05 17:40:45,b'@Avianca still waiting on my money and you have stopped responding'
2018-08-05 17:40:24,b'@Avianca I\xe2\x80\x99m going on two months of waiting for a refund. I love that you respond to my private message ask me for\xe2\x80\xa6 https://t.co/HpRgTq46xU'
2018-08-05 17:29:56,"b""@AilynCeballos @AerocivilCol @MinTransporteCo @sicsuper @Avianca Welcome to the world of airline travel. They just don't care anymore"""
2018-08-05 16:45:21,b'I made this small looping animation about traveling and flying! #animation #loop #airplane #traveling @Avianca\xe2\x80\xa6 https://t.co/DYeUxtXEBR'
2018-08-05 15:04:09,b'Thanks v much for trying your best not to let your disambarking passengers rained on! @avianca  #avianca #Bogota https://t.co/HmcW84N8Sh'
2018-08-05 13:27:25,"b""#ThankCrew gift for @Avianca flight crew BOG-MDE. it's a super short flight. And .... Luck has it, the lead flight\xe2\x80\xa6 https://t.co/Q1toWf62aa"""
2018-08-05 13:13:02,b'@Avianca Please do not take asylum seekers or any one that is being forcibly deported on your airlines.\nThis people\xe2\x80\xa6 https://t.co/FyTMApC3cA'
2018-08-05 12:55:42,b'Travel to #Tikal #Guatemala and discover the Mayan World @Expedia @ExpediaMX @ExpediaLX @JorgemaChajon\xe2\x80\xa6 https://t.co/vzUX6LNrPb'
2018-08-05 12:39:03,b'Really @ODEAA1 you should like that @PilotLiberator article. @Boeing @BoeingCEO is feeding @Avianca the reason ther\xe2\x80\xa6 https://t.co/SXKA9cZzfW'
2018-08-05 12:02:18,b'@Avianca I have not received my bag and your female representative at Santiago airport was shockingly rude.We were\xe2\x80\xa6 https://t.co/anqQSM2VvL'
2018-08-05 10:47:00,"b'@Avianca the pilot on your flight can legally choose to not fly L, DON\xe2\x80\x99T be complicit with the UK government\xe2\x80\x99s raci\xe2\x80\xa6 https://t.co/UJJYJRoAh8'"
2018-08-05 09:35:27,"b""@Avianca, please don't be complicit in deporting asylum-seekers. https://t.co/15RRZ1KfCz"""
2018-08-05 09:06:05,b'Weve got to have a dream if we are going to make a dream come true. - #WaltDisney @Avianca #think #quote\xe2\x80\xa6 https://t.co/Q5BD8SpDF3'
2018-08-05 08:43:22,"b'@Avianca L, an asylum seeker detained in Yarls Wood, is being forcibly deported on flight AV121 at 10.40pm today. S\xe2\x80\xa6 https://t.co/zYaEcvyK6T'"
2018-08-05 08:20:08,b'Complete #scam by @avianca #colombia airline. 8 hour delay in #medellin with no support or compensation whatsoever.\xe2\x80\xa6 https://t.co/YCVBr63sJA'
2018-08-05 05:43:12,"b'Late departure, almost missed my connection and now my bag didn\xe2\x80\x99t arrived. You fucking kidding me @Avianca ??? \xf0\x9f\x98\xa1 wh\xe2\x80\xa6 https://t.co/2OOb2cNVK7'"
2018-08-05 02:54:16,b'Grax @Avianca \xe2\x9d\xa4\xef\xb8\x8f\xf0\x9f\x98\x8d https://t.co/sNM1LDztDD'
2018-08-04 23:11:00,b'@Avianca It\xe2\x80\x99s been 60 days since you lost my luggage and I\xe2\x80\x99ve yet to get a refund or any answers'
2018-08-04 22:36:16,b'@AviancaEscucha Welcomed news! @Avianca @BARACUK \n\n#deportation\n#immigration\n#UK'
2018-08-04 21:54:37,b'@avianca 3 hour delay and not the first time it happens. But my fault for choosing to fly avianca again\xf0\x9f\x98\xa4'
2018-08-04 19:45:34,"b'Our friend detained in Yarls Wood, is being forcibly deported on flight AV121 at 10.40pm today. L is an asylum seek\xe2\x80\xa6 https://t.co/es9iSoEiZE'"
2018-08-04 17:24:46,b'We know that @ukhomeoffice is a perpetrator of violence &amp; abuse. But we also know that airlines do NOT have to fly\xe2\x80\xa6 https://t.co/8ajscnsGUM'
2018-08-04 17:24:23,"b""L, an asylum seeker from Bolivia, is due to be deported today on flight AV121. She's lived in the UK for 11 years a\xe2\x80\xa6 https://t.co/HMG7TwgXEc"""
2018-08-04 17:07:03,b'@Avianca your customer service number is appalling! Only machines talk to you.. and when you think your getting thr\xe2\x80\xa6 https://t.co/Ctyadl44Yg'
2018-08-04 16:53:34,b'[Airline Review] \xf0\x9f\x87\xa8\xf0\x9f\x87\xb4Colombian domestic flight from Cali to Cartagena on @Avianca : enjoyable flight with a friendly\xe2\x80\xa6 https://t.co/QpGttcC4IU'
2018-08-04 16:44:57,b'@Avianca please do not deport L against their will tonight from Heathrow. The world is watching you. https://t.co/Sy5W3Mxxh1'
2018-08-04 15:40:02,"b'Hello @Avianca, our friend L is being forcibly deported on flight AV121 at 10.40pm today. L is an asylum seeker and\xe2\x80\xa6 https://t.co/ZN5nTsBDX5'"
2018-08-04 14:58:46,"b'Our friend detained in Yarls Wood, is being forcibly deported on flight AV121 at 10.40pm today. L is an asylum seek\xe2\x80\xa6 https://t.co/WPd4cB7sI5'"
2018-08-04 14:31:20,b'@aldoyletweets @Avianca Yes Al. \xe2\x9d\xa4'
2018-08-04 14:25:13,b'@Avianca #stopdeportations don\xe2\x80\x99t comply!!! https://t.co/F2kzIfVNCk'
2018-08-04 13:55:19,"b'Dear @Avianca, please do not collaborate in a #deportation on flight AV121 at  10.40pm today from the UK to Bolivia\xe2\x80\xa6 https://t.co/jBe5qLwnc2'"
2018-08-04 13:52:59,b'.@Avianca we often fly with your airline in South America. Don\xe2\x80\x99t become part of UK border violence. Refuse to take\xe2\x80\xa6 https://t.co/micHK2oNBL'
2018-08-04 13:46:53,b'@Avianca @HarrietHarman please stop this deportation &amp; allow this person the opportunity to go to judicial review https://t.co/jkM3fLgPr2'
2018-08-04 13:42:37,"b'@Avianca @sdetsup Please refuse to take L, who is an asylum seeker, and who is being forcibly deported on flight AV\xe2\x80\xa6 https://t.co/CN8ZRGsMGr'"
2018-08-04 13:40:54,"b'@Avianca please we urge you to Stop this deportation.  \nOur friend detained in Yarls Wood, is being forcibly deport\xe2\x80\xa6 https://t.co/IxBOYkoBTI'"
2018-08-04 13:39:27,b'.@Avianca please follow Virgin Airlines lead and refuse to deport L on flight AV121 leaving Heathrow tonight and ot\xe2\x80\xa6 https://t.co/OLJ7hlGuTg'
2018-08-04 13:38:41,"b'@sdetsup @Avianca The line seems very bad, so I will send a tweet; I hope that is satisfactory.'"
2018-08-04 13:36:28,b'We know that @ukhomeoffice is a perpetrator of violence &amp; abuse. But we also know that airlines do NOT have to fly\xe2\x80\xa6 https://t.co/1dOxN8oFvn'
2018-08-04 13:34:28,"b""there's no legal obligation for airlines and pilots to fly deportation planes\n\nall it takes is one pilot with a con\xe2\x80\xa6 https://t.co/25zEUWuhZn"""
2018-08-04 13:29:44,"b""L, an asylum seeker from Bolivia, is due to be deported today on flight AV121. She's lived in the UK for 11 years a\xe2\x80\xa6 https://t.co/XUKn03jmf3"""
2018-08-04 13:29:40,b'Please do not do this @Avianca!\n\nDO NOT deport L \xf0\x9f\x98\xa2\nAid L\xe2\x80\x99s asylum seeking status. \n\nThanking @BARAC for relentless\xe2\x80\xa6 https://t.co/2HbU1xJWd2'
2018-08-04 13:23:30,b'an asylum seeker is being forcibly deported on flight AV121 at 10.40pm today. L has lived in UK for 11 years and it\xe2\x80\xa6 https://t.co/NyekCuv6Qy'
2018-08-04 13:14:08,b'@Avianca please refuse to deport L on flight AV121 at 10:40 pm from London Heathrow today. It is in your power to d\xe2\x80\xa6 https://t.co/sxeZZ6Wlc4'
2018-08-04 12:52:00,b'Our friend detained in Yarls Wood is being forcibly deported on flight AV121 at 10.40pm today. L is an asylum seeke\xe2\x80\xa6 https://t.co/p7Q02ZSbzQ'
2018-08-04 12:47:48,"b'@Avianca  Do not deport someone seeking asylum &amp; send them to their death, you have a choice not to https://t.co/1ld1AtBb5N'"
2018-08-04 12:39:32,"b'Our friend detained in Yarls Wood, is being forcibly deported on  flight AV121 at 10.40pm today. L is an asylum see\xe2\x80\xa6 https://t.co/f4kL0XwKaB'"
2018-08-04 12:25:10,"b'Our friend detained in Yarls Wood, is being forcibly deported on flight AV121 at 10.40pm today. L is an asylum seek\xe2\x80\xa6 https://t.co/29RE7rbFMI'"
2018-08-04 12:19:48,"b'@carolinenokes L, who\xe2\x80\x99s in Yarl\xe2\x80\x99s Wood after living here for 11 years, faces removal tonight to Bolivia on @Avianca\xe2\x80\xa6 https://t.co/t9LunsKLx8'"
2018-08-04 12:16:54,"b'L is an asylum seeker in Yarls Wood, who today is being forcibly deported on flight AV121 at 10.40pm. It is unsafe\xe2\x80\xa6 https://t.co/LC6o9B6Vg1'"
2018-08-04 12:10:41,"b'On flight AV141 at 10:40 pm tonight, a vulnerable asylum seeker is being deported despite the threat to her life in\xe2\x80\xa6 https://t.co/fep3eBqSBY'"
2018-08-04 12:05:08,"b'To provide passengers with more personalised products, Colombia\xe2\x80\x99s national airline @Avianca, has updated its bookin\xe2\x80\xa6 https://t.co/xa1NquH0Km'"
2018-08-04 11:59:15,"b'Airlines are complicit in this racist action, unless they decide to stop it. Please call @Avianca on 0800 031 4206\xe2\x80\xa6 https://t.co/6o3A682aUf'"
2018-08-04 11:58:40,"b'Our friend detained in Yarls Wood, is being forcibly deported on flight AV121 at 10.40pm today. L is an asylum seek\xe2\x80\xa6 https://t.co/gWfo816yOy'"
2018-08-04 11:56:05,"b'Our friend detained in Yarls Wood, is being forcibly deported on flight AV121 at 10.40pm today. L is an asylum seek\xe2\x80\xa6 https://t.co/Njxu4LSQss'"
2018-08-04 11:41:02,"b'Our friend detained in Yarls Wood, is being forcibly deported on flight QR8/QR932 at 10.40pm today. L is an asylum\xe2\x80\xa6 https://t.co/9P38JhCThs'"
2018-08-04 11:36:58,b'Our friend detained in Yarls Wood is being deported on flight QR8/QR932 at 10.40pm today. L is an asylum seeker and\xe2\x80\xa6 https://t.co/z8nI1bEkpH'
2018-08-04 10:25:14,b'Next stop Guayaquil @Avianca https://t.co/CwLw6OJOC7'
2018-08-04 10:14:58,"b'Thanks to @united and @Avianca for all the #drama today and to @Marriott for taking in a last minute stray,\xe2\x80\xa6 https://t.co/17ZkIWpmv3'"
2018-08-04 08:39:42,"b'Our friend detained in Yarls Wood, is being forcibly deported on flight QR8/QR932 at 10.40pm today. L is an asylum\xe2\x80\xa6 https://t.co/tJOsNokjOZ'"
2018-08-04 06:41:05,b'Quite disgraceful from @Avianca. Worst customer service imaginable! READ YOUR DMs!'
2018-08-04 03:52:32,b'@TwiterosCali @Avianca @FndoSolorzano @AerocivilCol Terrible...'
2018-08-03 23:11:44,b'@TatianaVitola @Avianca Efecto Efromovich'
2018-08-03 22:22:03,b'@pinzorro @ClaMoralesM @Avianca EXACTOO!!'
2018-08-03 22:16:20,"b'Sad, pathetic and wrong! @Avianca @BoeingCEO @WeAreALPA read @Forbes articles and @davidbehnke19 list of scabs that\xe2\x80\xa6 https://t.co/5DqUfK0wZ6'"
2018-08-03 21:54:39,b'Peor @Avianca'
2018-08-03 21:25:36,b'@Nubial4 @Avianca @VancliffDesign @amparomeza @PatriciaMasmelo Terrible.... \xf0\x9f\x98\xad'
2018-08-03 21:00:07,"b'One trip 4Flights &amp; what a mess in second leg. Above it a missed flight &amp; horrible hotel, transport &amp; food supposed\xe2\x80\xa6 https://t.co/Q1u3IqRdwY'"
2018-08-03 20:09:54,"b""@MCO @Avianca It's a shame I wasn't there to help you finish it! Too busy running around as a giant fuzzy animal :P https://t.co/oDs9fLmfha"""
2018-08-03 19:53:46,"b'@PooltoyWolf @Avianca And super delicious, if we do say so ourselves. \xf0\x9f\x98\x8b'"
2018-08-03 19:53:14,b'@MCO @Avianca Those are amazing!! \xf0\x9f\x98\x8d'
2018-08-03 19:51:26,"b'3\xef\xb8\x8f\xe2\x83\xa3 new routes\n2\xef\xb8\x8f\xe2\x83\xa3 days\n1\xef\xb8\x8f\xe2\x83\xa3 airline\n\nThis week @Avianca launched new MCO routes to Lima, Guatemala City and San Sal\xe2\x80\xa6 https://t.co/9qbLBjiZi7'"
2018-08-03 19:43:31,"b'#BusinessClass from New York to Havana, Cuba for only $568 roundtrip with @Avianca.\n\nhttps://t.co/7tmuSAgDgQ https://t.co/0UqV1m2CXl'"
2018-08-03 19:15:51,b'@Avianca been waiting for a response to complaint 18737655 for three weeks now. Any customer service over there?'
2018-08-03 19:15:32,b'@Avianca hi. I sent you a DM an hour ago. Could you please answer? It is urgent. Thank you'
2018-08-03 19:10:16,b'#efromovicheselcriminal #Aviancaabusa #Aviancamiente @AviancaAbusa @100Apoyopilotos @staralliance #avisnca is killi\xe2\x80\xa6 https://t.co/mx8m20hFtw'
2018-08-03 18:32:09,b'@Avianca I am very disappointed with your customer service since I was told that I could get my refund if I call af\xe2\x80\xa6 https://t.co/sBwcCTrT6B'
2018-08-03 17:40:00,b'@Crystalball1976 @Avianca Right? We feel the same way!'
2018-08-03 17:39:45,"b'@endorspotter @Avianca Hi there. This water salute was the only one, used to celebrate all three routes.'"
2018-08-03 17:04:41,b'@Avianca we were in the VIP lounge at Santa Marta airport this morning. My wife thinks she left her iPhone there. C\xe2\x80\xa6 https://t.co/h8KAccZcU6'
2018-08-03 16:45:01,b'@catrujillog @Avianca @SenadoGovCo @IvanDuque Excelente dr'
2018-08-03 13:31:45,b'#avianca lied to us. Upgraded to business class and they will not let us use the VIP lounge they told us when we bo\xe2\x80\xa6 https://t.co/OfDSoNFiuJ'
2018-08-03 11:20:39,"b'@HernanRAvianca please use at least once the hotel, food &amp; transport provided by @avianca in Bogota on flight cance\xe2\x80\xa6 https://t.co/vdNQx9DwWg'"
2018-08-03 11:18:19,b'@ashok80 @Avianca @IATA @staralliance #primerayultima #Avianca #nevermore @CopaAirlines @LATAMAirlines here I come. @HernanRAvianca FYI.'
2018-08-03 09:10:04,b'@sfogm9 @FinanceColombia What a joke. Seriously shitty airline. #avianca @avianca'
2018-08-03 09:02:52,b'@Avianca Shame on you Avianca. Flight 0917 Sao Paulo-Lima was supposed to have left by now. We were alsed to be at\xe2\x80\xa6 https://t.co/45W1gzocFP'
2018-08-03 07:32:51,b'@Flack4RIC @Avianca Y\xe2\x80\x99all didn\xe2\x80\x99t even have water in the plane &amp; made the passengers starve and thirst for hours! An\xe2\x80\xa6 https://t.co/ObtjR41FAL'
2018-08-03 07:04:33,"b'@JuannRic @HoracioJSerpa @Avianca @AerocivilCol @PartidoLiberal @SenadoGovCo ""If Bezos\xe2\x80\x99 wealth were divided equally\xe2\x80\xa6 https://t.co/7mrNrO8vE7'"
2018-08-03 07:04:26,"b'@JuannRic @HoracioJSerpa @Avianca @AerocivilCol @PartidoLiberal @SenadoGovCo Datos del ceo de amazon, para que se h\xe2\x80\xa6 https://t.co/1YybTJygn4'"
2018-08-03 06:49:57,b'@Avianca suspends national ticket sales for 2 &amp; 3 August to accommodate passengers affected by the flights cancella\xe2\x80\xa6 https://t.co/iSXlLlwLRC'
2018-08-03 03:53:07,"b'If you want to travel and don\xe2\x80\x99t want to have a bad flight experience, don\xe2\x80\x99t buy a plane ticket from @Avianca, guys.\xe2\x80\xa6 https://t.co/GCgFqGJ9QB'"
2018-08-03 02:15:51,"b'@Avianca I need answers, necesito respuestas!!!!!'"
2018-08-03 02:03:59,"b'@_Samariaxoxo @Avianca At first I was like, ""who the fuck is this bitch"". Then I was like, ""oh, it\'s that bitch""'"
2018-08-03 02:01:12,b'@_Samariaxoxo @Avianca LMFAOOO'
2018-08-03 02:00:57,b'@Avianca let\xe2\x80\x99s talk about how my mom opened up her luggage today and had about 13 items missing. With a note statin\xe2\x80\xa6 https://t.co/pnEgMfCcXj'
2018-08-03 01:57:24,b'@Avianca flight 432 delayed for 4 hours... What is happening??'
2018-08-02 23:38:06,b'@Avianca FIND MY BAGS PLS I\xe2\x80\x99m having a mental breakdown'
2018-08-02 23:37:08,b'@Avianca just a little hint for my flight coming up\xf0\x9f\x99\x84 https://t.co/X3RhU5Qpld'
2018-08-02 23:19:41,b'@mailirolponi @Avianca Welcome to Colombia! https://t.co/dMIHEccR1E'
2018-08-02 23:18:22,b'@Avianca You guys are really bad.. here I am in Medellin trying to get back to Bogota and once again you are delayed over three hours..\xf0\x9f\x98\xa1'
2018-08-02 20:08:10,b'@ELTIEMPO @MelukLeCuenta @Avianca Grave!'
2018-08-02 19:10:48,b'@Avianca : does avianca allows the use of blow up leg rests ? A long flight 12hrs need my boy to use this on a window seat'
2018-08-02 18:21:09,b'@Avianca 12hrs on plane so need to confirm if the airline allows the use of blow up leg rest ?? for a window / Middle seats'
2018-08-02 17:58:36,b'@Avianca Link?'
2018-08-02 15:52:29,b'@Avianca airlines expanding service to the US with daily non-stop service from Lima Peru to @MCO https://t.co/6LGX9DhE92'
2018-08-02 15:17:17,b'@100Apoyopilotos I demand the Supreme court to declare strike of Pilots Legal And to form an ethical commission bas\xe2\x80\xa6 https://t.co/NvxV8xpbfF'
2018-08-02 15:17:03,b'@100Apoyopilotos I demand the Supreme court to declare strike of Pilots Legal And to form an ethical commission bas\xe2\x80\xa6 https://t.co/XpVRtB4Ui7'
2018-08-02 15:16:51,b'@juanmanuelgalan @AerocivilCol @sicsuper @Supertransporte @MinTransporteCo I demand the Supreme court to declare st\xe2\x80\xa6 https://t.co/m270y3B85t'
2018-08-02 15:16:35,b'@100Apoyopilotos @juanmanuelgalan @AerocivilCol @sicsuper @Supertransporte @MinTransporteCo @oit I demand the Supre\xe2\x80\xa6 https://t.co/83axylEYwa'
2018-08-02 15:16:14,b'@cesarmtzcoach @Acdac1 @100Apoyopilotos @AviancaAbusa @staralliance @Avianca @TripAdvisor I demand the Supreme cour\xe2\x80\xa6 https://t.co/C7afdrI7WK'
2018-08-02 14:50:16,"b'ayo @Avianca you mfs gon have to see me fr, its on sight'"
2018-08-02 14:26:16,b'@FabianSanabriaS @Avianca heces.'
2018-08-02 14:08:34,"b'@cedricvissac @Avianca Hi, Cedric. We are not able to pull up a reservation with that confirmation number. Was this\xe2\x80\xa6 https://t.co/tRJp62ZfG5'"
2018-08-02 14:06:44,b'@Avianca Quality Service https://t.co/BU1rT7n1ZZ'
2018-08-02 14:00:26,b'THIS JUST IN: @Avianca suspends sale of domestic flights in Colombia. @FinanceColombia is working on details.'
2018-08-02 13:51:09,b'@Avianca terrible'
2018-08-02 13:50:16,"b""@Avianca thanks for the crappy service. Nice to see the oversold flight to Roatan right next to the one to San Pedro I'm forced to take."""
2018-08-02 13:30:25,b'#Aviancaabusa #Aviancacomprapremios #Aviancamiente @Acdac1 @100Apoyopilotos @AviancaAbusa @staralliance are you dea\xe2\x80\xa6 https://t.co/UqHYfoGlhP'
2018-08-02 13:26:47,b'@ELTIEMPO @Avianca Saaaayyyy whaaaaaattttt?????'
2018-08-02 13:01:39,"b""Wowww... What a horrible customer service experience with @Avianca \nThey told me they won't respond to my inquiry a\xe2\x80\xa6 https://t.co/GFiA3xQPDT"""
2018-08-02 12:51:23,"b'Good morning, @Avianca! Due to some rough weather in the DC area last night, #RIC had a few unscheduled visitors. https://t.co/KRPlxOU8Bc'"
2018-08-02 11:46:35,b'Not right and fired Pilots still not working @Avianca while @Boeing helps to sell non union PSP\xe2\x80\x99s @davidbehnke19 li\xe2\x80\xa6 https://t.co/2UdeyzBwnB'
2018-08-02 11:44:50,b'It\xe2\x80\x99s been months and still no changes! @Avianca still hasn\xe2\x80\x99t rehired their pilots @Acdac1 and @BoeingCEO still sell\xe2\x80\xa6 https://t.co/nawMGoqLSh'
2018-08-02 10:11:54,b'@Avianca could you had my frequent flyer card United MileagePlus NV722699 on my flight UBKZIR ?\nAnd confirm the bag\xe2\x80\xa6 https://t.co/wjh0Bv7hTy'
2018-08-02 07:47:59,"b'Supposed to fly at 4pm yesterday, flight changed to 9am today. Flight now cancelled and changed to 11pm tonight. No\xe2\x80\xa6 https://t.co/VcmOIOoHt8'"
2018-08-02 04:39:31,"b'Traveling with @Avianca self checked in, printed baggage tags and THEN they make you stand in a huge line to drop bags #Unbelievable'"
2018-08-02 02:26:27,b'@Avianca Avianca Sucks'
2018-08-02 01:47:10,b'@Carolicek @Avianca Literal \xf0\x9f\x98\x94'
2018-08-02 00:37:34,b'@MCO @Avianca Yay Lima. I spent 10 years of my life there. AeroPeru was pretty decent at the time. I remember when\xe2\x80\xa6 https://t.co/vuzQYAsz1H'
2018-08-01 23:58:38,b'@Avianca All your responses are keep checking the status. I was then told by July 27 it would be fully processed an\xe2\x80\xa6 https://t.co/87UbnQA6FS'
2018-08-01 23:57:35,b'@Avianca I canceled my trip due to this issue back on June 12 and I have not received my refund. I don\xe2\x80\x99t ge how I d\xe2\x80\xa6 https://t.co/ZVC9Qz6gRE'
2018-08-01 23:53:47,"b""I'm at Sala VIP @Avianca in Cartagena, Bolivar https://t.co/oTnXxorf8R"""
2018-08-01 22:35:20,b'@MCO @Avianca Will you guys do the water salute to the other new flight tomorrow'
2018-08-01 22:22:02,b'@MCO @Avianca Only one gif for this.... https://t.co/DrbkEZn1Yt'
2018-08-01 21:56:28,"b""@Avianca What an amazing day! We're delighted to have you aboard, friends. Cannot wait to explore new places with you all."""
2018-08-01 21:55:31,"b""More international options! We're celebrating as we say bienvenidos to 3\xef\xb8\x8f\xe2\x83\xa3 new @Avianca routes launching this week\xe2\x80\xa6 https://t.co/x04rAk5J7R"""
2018-08-01 21:00:12,b'.@Avianca Inaugurates Three New Routes at @MCO #airports #airlines https://t.co/X3spqgSgag'
2018-08-01 21:00:11,b'.@Avianca Inaugurates Three New Routes at @MCO #airports #airlines https://t.co/VJ2M93rQEU'
2018-08-01 19:19:34,"b'@Avianca Excited for my trip to Nicaragua but you have given me such a rocky start with my ticket being cancelled,\xe2\x80\xa6 https://t.co/VIdJ3FdoP5'"
2018-08-01 17:01:55,"b'So here it goes! New @Avianca\xe2\x80\x99s flight AV976 operated by Taca Peru from @AeropuertoLima to @MCO, although the inaug\xe2\x80\xa6 https://t.co/xPvIKw2tg7'"
2018-08-01 11:15:53,b'Replaced by non union pilots by @BoeingCEO @Boeing paid by @Avianca and scabs names @davidbehnke19 who were sent by\xe2\x80\xa6 https://t.co/nFCwjqLU4l'
2018-08-01 11:14:31,b'Will anyone or anything help change what\xe2\x80\x99s happening @Avianca and hold @davidbehnke19 list of non union pilots-scab\xe2\x80\xa6 https://t.co/vqR1Oe54MV'
2018-08-01 11:12:54,b'Stunning sunrise at Cartagena\xe2\x80\x99s airport. Nothing like a walking boarding for an #avgeek .\n@aeroCTG @Avianca\xe2\x80\xa6 https://t.co/j8uxJ34Ew8'
2018-08-01 08:20:04,"b'Check out our latest news and insights for July including our latest partnership with @SamsungMobile, and Direct Bo\xe2\x80\xa6 https://t.co/uaac4ir2lf'"
2018-08-01 04:18:20,b'@Avianca me tiene sin jefe eyyyy!!!! https://t.co/fmhSMBHeJX'
2018-08-01 03:42:41,b'@DSuarezT @Avianca @sicsuper whisky'
2018-08-01 02:30:40,b'Atardecer andino powered by @Avianca https://t.co/oLzgmvoEhY'
2018-08-01 02:10:46,b'@Mat0987_RBLX @connor_rbx @Avianca Foxtrot Uniform Charlie Kilo Yankee Oscar Uniform'
2018-08-01 01:42:23,b'@connor_rbx @Avianca help im flying on a a320\n\npress F'
2018-08-01 01:38:38,"b'just a reminder, ill be flying @Avianca from new york to guatemala, with one stop in SAL\n\nalso would you mind if yo\xe2\x80\xa6 https://t.co/WwvQL9vF8A'"
2018-08-01 01:30:39,b'@news_LARA @Avianca Gol Linhas a\xc3\xa9reas has an NDC implementation since 2 years ago.'
2018-07-31 22:48:39,b'#Aviancamiente #Aviancaabusa #todoparaincomodarte y la @aerocivil comiendo calladita. @TripAdvisor and\xe2\x80\xa6 https://t.co/4Iz7XCXNhx'
2018-07-31 20:02:48,b'@SuyapaPV @Avianca @CopaAirlines You should get a private jet then'
2018-07-31 19:00:01,b'@chsalcedo @Avianca Try .@theairhelper - they are the airlines worst enemy and will help the customer EVERY time :)'
2018-07-31 18:59:14,b'@chsalcedo @Avianca Try @theairhelper they will help you get money back from Avianca :)'
2018-07-31 18:15:38,b'.@Avianca is the first airline in #LatinAmerica to implement NDC with Amadeus - https://t.co/6v2wXTlcV7 via\xe2\x80\xa6 https://t.co/a4A5X99dwh'
2018-07-31 17:11:02,"b'@Avianca airlines is just as bad as #Taca and @CopaAirlines disastrous flights from Quito to Honduras, was demoted\xe2\x80\xa6 https://t.co/LMOkSxxAtK'"
