2018-08-10 23:32:08,b'@Acdac1 @HernanRAvianca @Avianca @BluRadioCo @elcolombiano @MabelLaraNews Las vi. y tiene toda la raz\xc3\xb3n!!!!'
2018-08-10 23:31:12,b'Me pregunto: Cuanto ganaban nuestros \xf0\x9f\x91\xa9\xe2\x80\x8d\xe2\x9c\x88\xef\xb8\x8f \xf0\x9f\x91\xa8\xe2\x80\x8d\xe2\x9c\x88\xef\xb8\x8f colombianos de @Acdac1 en @Avianca ? @BluRadioCo https://t.co/XvkNCgstZ7'
2018-08-10 23:28:31,"b'@AerocivilCol pague $282.000 para viajar a Pasto por @Avianca porque ten\xc3\xada urgencia de estar en pasto ma\xc3\xb1ana am, ho\xe2\x80\xa6 https://t.co/VkzVQlH0Rx'"
2018-08-10 23:26:55,b'@CMILANOTICIA @Avianca Acaso es que no hay colombianos.'
2018-08-10 23:26:20,b'Pienso que @MinTransporteCo deber\xc3\xada regular las pol\xc3\xadticas de @Avianca para que los pasajeros no terminemos siempre\xe2\x80\xa6 https://t.co/exGgDMdmuK'
2018-08-10 23:24:58,"b'Finalmente, para poder llegar a mi destino, tuve que perder mi dinero y adem\xc3\xa1s invertir en viajar por tierra porque\xe2\x80\xa6 https://t.co/xEv1OQMQmd'"
2018-08-10 23:23:54,b'Como siempre @Avianca poni\xc3\xa9ndole m\xc3\xa1s problemas a los clientes que soluciones. Hoy perd\xc3\xad $282.000 que invert\xc3\xad en via\xe2\x80\xa6 https://t.co/OHfkl6DUc1'
2018-08-10 23:23:35,b'@BluRadioCo @Avianca Bien hecho. Qui\xc3\xa9n los mando a ha hacer semejante berrinche con el paro. Ahora a asumir ese despido masivo con ALTURA.'
2018-08-10 23:19:12,b'@nonaviky @BluRadioCo @Avianca Prefieren pagar ese dinero a otros pilotos sean extranjeros o nacionales que valorar\xe2\x80\xa6 https://t.co/V5IAfmA4g3'
2018-08-10 23:15:09,b'Pero que \xe2\x80\x9cnovedad\xe2\x80\x9d! Un vuelo de @Avianca retrasado: AV9738 #queDesastre #aviancaMiente #aviancaAbusa y encima la ni\xe2\x80\xa6 https://t.co/O9m4dhaWQg'
2018-08-10 23:12:48,"b'@petrogustavo @Mirandalove24 @sergio_fajardo A todas estas, si la huelga de los trabajadores de @Avianca era ilegal\xe2\x80\xa6 https://t.co/wFuOc4Sf4L'"
2018-08-10 23:09:44,b'@CaliSosVos @Avianca @CopaAirlines @LATAMAirlines @vivacolombia_va'
2018-08-10 23:09:31,"b'@Avianca mi pap\xc3\xa1 hombre de 63 a\xc3\xb1os, le cancelaron el vuelo y no le dan soluci\xc3\xb3n de alojamiento y reporgrmacion. Su\xe2\x80\xa6 https://t.co/eFeKF3U7RN'"
2018-08-10 23:07:55,"b'@BluRadioCo @Avianca Excelente, trabajo para los que SI quieren trabajar'"
2018-08-10 23:06:29,b'@OsornoMonica @BluRadioCo @Avianca @MintrabajoCol Eso lo tenemos clar\xc3\xadsimo.'
2018-08-10 23:04:39,b'@HernanRAvianca @Avianca Por favor he escrito un mail a su correo hernan.rincon@avianca.com'
2018-08-10 23:00:42,b'.@Avianca contratar\xc3\xa1 pilotos extranjeros como instructores https://t.co/bnofsPrREi https://t.co/NWdtzUw5W2'
2018-08-10 23:00:22,b'@CorreAlexandra @Avianca Si ten\xc3\xadan plata para mejorarle las condiciones a los pilotos que tienen una enorme respons\xe2\x80\xa6 https://t.co/OkcDsdhKup'
2018-08-10 22:58:38,"b'@Avianca en Pasto cancelaron el vuelo y no ofrecen opci\xc3\xb3n de alojamiento, mi pap\xc3\xa1 viene viajando desde Ecuador haci\xe2\x80\xa6 https://t.co/2Z7qcV9dEf'"
2018-08-10 22:58:15,b'@CorreAlexandra @Avianca Lo peor es que el mismo presidente de la aerol\xc3\xadnea siga criminalizando a los pilotos como\xe2\x80\xa6 https://t.co/ZCDbAwO02Y'
2018-08-10 22:58:11,b'@JAndresPg18 @Avianca @AmparoCamposG No est\xc3\xa1n sucios est\xc3\xa1n pelados por el mal uso de algunas personas. Eso es si es triste.'
2018-08-10 22:49:32,"b'Siempre lo sabemos: el problema entre empresas y sindicatos no es de plata, ...ES POLITICO!!\n#NoVueloConAvianca\xe2\x80\xa6 https://t.co/Z59DO4eN3e'"
2018-08-10 22:49:09,b'A ver cuales esquiroles aplicar\xc3\xadan...?? https://t.co/hIb8l8ev8t cc @Acdac1 @presidenteacdac @Hernandez_J_ #acdac\xe2\x80\xa6 https://t.co/GCaGVCkme0'
2018-08-10 22:49:01,b'@sanpalqui @Avianca @AmparoCamposG Hay modo de limpiar esos bordes? https://t.co/dLtZt3YZ1L'
2018-08-10 22:48:57,b'@jufemun @Avianca @jsanchezcristo @HernanRAvianca @Rodrigo_Lara_ @andrestorresd @WSJ El rumor es que precisamente q\xe2\x80\xa6 https://t.co/NnCXlI9eNP'
2018-08-10 22:46:59,b'@BluRadioCo @Avianca Xq a los colombianos no les subieron el sueldo y ahora si hay dinero para extranjeros.'
2018-08-10 22:44:53,b'@Felipesegundo20 @ricarospina @Avianca @HernanRAvianca Y que esperaban del cobarde de nestor morales o sera que la\xe2\x80\xa6 https://t.co/Llhy6gPWCL'
2018-08-10 22:41:48,b'@Juan_Florez @JERobledo @Avianca Y los salarios no son nada de orgullo'
2018-08-10 22:41:09,"b'@CorreAlexandra @Avianca @santilogo Y si el neoliberal de Santos permiti\xc3\xb3 esto, no me imagino lo que se nos viene c\xe2\x80\xa6 https://t.co/qM8unSl0HK'"
2018-08-10 22:40:52,"b'.@avianca podr\xc3\xa1 culpar a los pilotos, pero tiene TODAS la de perder en un mercado global que desesperadamente busca\xe2\x80\xa6 https://t.co/GBTm86lk3I'"
2018-08-10 22:38:37,"b'@festeban111 @Avianca @santilogo Y lo peor, toca a veces, a falta de oferta. Monopolio que llaman!!!'"
2018-08-10 22:37:33,"b'@Avianca pagaba a pilotos nacionales, despedidos por huelga, un promedio de 15 millones de pesos. Los despidieron,\xe2\x80\xa6 https://t.co/irvencYiB8'"
2018-08-10 22:35:55,"b'@CorreAlexandra @Avianca @santilogo Se\xc3\xb1ores @Avianca quiero ver como resuelve su CM esta cagada, son un desastre ch\xe2\x80\xa6 https://t.co/J39AxyVc7Y'"
2018-08-10 22:33:41,"b'Una bofetada a los pilotos nacionales. @Avianca No s\xc3\xb3lo no les mejoraron condiciones salariales, sino que los despi\xe2\x80\xa6 https://t.co/oTYOasric2'"
2018-08-10 22:32:55,"b'Llegar al aeropuerto y viajar con @Avianca es toda una incertidumbre,  no sabes si puedes viajar o te van a cancelar en el \xc3\xbaltimo momento.'"
2018-08-10 22:32:44,b'@Avianca X favor los asientos que se encuentran hubicados en las salidas de emergencia deberian tener una tarifa de\xe2\x80\xa6 https://t.co/AsnlL1WUXk'
2018-08-10 22:28:52,b'@CaracolRadio @Avianca Muchos desgraciados ac\xc3\xa1 los pilotos tuvieron que hacer paro para un mejor salario y mejores\xe2\x80\xa6 https://t.co/NO5HKGGRr0'
2018-08-10 22:28:43,b'@Avianca no deja de sorprender: hoy en el aeropuerto de Cartagena esta ca\xc3\xaddo el sistema.   Ojal\xc3\xa1 sea s\xc3\xb3lo el de las\xe2\x80\xa6 https://t.co/0I4AigEgmT'
2018-08-10 22:23:25,b'@EL_JER @patomesa43 @Avianca @BluRadioCo Seg\xc3\xban @HernanRAvianca la culpa es de los usuarios por no suministar numero\xe2\x80\xa6 https://t.co/HvZ7NWbILj'
2018-08-10 22:23:14,b'@Avianca @AviancaEscucha @HernanRAvianca #OdioElServicioDeAvianca #OdioaAvianca #aAviancaTuNOleimportas'
2018-08-10 22:22:51,b'@Avianca @AviancaEscucha @HernanRAvianca #OdioElServicioDeAvianca #OdioaAvianca #aAviancaTuNOleimportas'
2018-08-10 22:21:12,b'@UribeHenrry @cristianbagett @PalmaEdwin @trabajodecente @Avianca @ECOPETROL_SA Hermano no es que seamos ambiciosos\xe2\x80\xa6 https://t.co/vy6wdLxUqE'
2018-08-10 22:20:48,"b'@Avianca es protagonista en el atraso en Colombia de la aviaci\xc3\xb3n comercial, el nocivo monopolio que hace costoso vi\xe2\x80\xa6 https://t.co/fAI5EYtgYp'"
2018-08-10 22:19:50,b'@Acdac1 @JERobledo @HernanRAvianca @Avianca Tienen toda la raz\xc3\xb3n se\xc3\xb1ores de acdac como se le ocurre despedir a m\xc3\xa1s\xe2\x80\xa6 https://t.co/eQqoF2eENG'
2018-08-10 22:18:59,"b'@georgegarcia22 @Avianca_ec @Avianca A pesar del mal rato, Avianca solucion\xc3\xb3 el problema.'"
2018-08-10 22:15:26,"b'@BluRadioCo @Avianca Tantos pilotos colombianos sin oportunidad laboral y Avianca decide es contratar extranjeros, dan verg\xc3\xbcenza...'"
2018-08-10 22:14:17,b'@BluRadioCo @Avianca Por Dios y declararon ilegal la huelga xq pilotos colombianos ped\xc3\xadan un mejor salario\nQu\xc3\xa9s lo\xe2\x80\xa6 https://t.co/fp2Y7cIUMV'
2018-08-10 22:14:08,b'@Avianca incumple con sus usuarios y da disculpas chimbas o mejor le echa la culpa a sus pasajeros empresa falta de\xe2\x80\xa6 https://t.co/vAt3O710Gw'
2018-08-10 22:13:59,b'En lo que termino @Avianca. ...al final LA HUELGA legal o no legal va por llevar a la quiebra o a la venta de la em\xe2\x80\xa6 https://t.co/7zhBIToRtu'
2018-08-10 22:12:12,b'@Villegasrest @Avianca Qu\xc3\xa9 ser\xc3\xa1n los efectos secundarios de la huelga de pilotos? Que no hay? O que hacen lo que quieren?'
2018-08-10 22:11:42,b'@PabsNYC @LaGallinaVerde Es que los pajaros saben cuales son los aviones de @avianca y se le mandan encima! No los\xe2\x80\xa6 https://t.co/B1V7B9iS0T'
2018-08-10 22:08:01,"b'@NoticiasCaracol La noticia hoy! Es que @avianca abre convocatoria para pilotos extranjeros pagando 50 millones, es\xe2\x80\xa6 https://t.co/D9my2MDx4b'"
2018-08-10 22:07:00,b'Ser\xc3\xa1 que el presidente @IvanDuque hace algo para acabar con el monopolio de @Avianca a\xc3\xban cuando su hermanita es vic\xe2\x80\xa6 https://t.co/JcsIbHZcBD'
2018-08-10 22:05:53,b'@NoticiasCaracol llame por favor al de @avianca a algo que no sea comprar. No solucionan nada y menos en esta epoca https://t.co/KIJ8exdIok'
2018-08-10 22:04:59,b'@IvanDuque @WRadioColombia @CaracolRadio @lafm @100Apoyopilotos @busterhab @diasdevictoria @MintrabajoCol . Se\xc3\xb1ores\xe2\x80\xa6 https://t.co/tTzIHxCz9R'
2018-08-10 22:04:25,b'@BluRadioCo @Avianca Eso se llama discriminacion laboral! Es ilegal! @avianca sigue violando la constituci\xc3\xb3n colomb\xe2\x80\xa6 https://t.co/NHWnKjCXJk'
2018-08-10 22:01:29,b'@rcnradio #nomasabusosavianca @Avianca'
2018-08-10 21:59:55,"b'Nac\xc3\xad para cumplir mis sue\xc3\xb1os, No para cumplir Horarios. Esos (los Hirarios), que los cumpla @Avianca'"
2018-08-10 21:58:08,"b'@Avianca Annoyed Business Class Client, flights cancelled, months with Customer Service and so far no resolution fo\xe2\x80\xa6 https://t.co/apsyd87DMR'"
2018-08-10 21:57:33,b'Cinco horas retrasado BOG-FLL! @Avianca qu\xc3\xa9 mal servicio https://t.co/O1D3qsMwu9'
2018-08-10 21:56:49,b'@BluRadioCo @Avianca Jajajaja t\xc3\xb3melo'
2018-08-10 21:54:36,"b'@CaracolRadio @Avianca Saludemos al payaso mayor, que show!!!! Hoy se gan\xc3\xb3 el sueldo . Ahora los problemas de\xe2\x80\xa6 https://t.co/VOZ1eXt2r1'"
2018-08-10 21:54:11,"b'@Juan_Florez @Avianca En pocas palabras, Efromovich tiene arrodillado al estado colombiano,por eso no le pasa nada.'"
2018-08-10 21:53:11,"b'S\xc3\xbaper cumplido el vuelo de hoy con @Avianca a Medell\xc3\xadn AV9726 , siguen mejorando en la puntualidad todos los d\xc3\xadas ..... #win'"
2018-08-10 21:52:29,b'@Avianca Seguir\xc3\xa1n tratando de llenar ese balde con pilotos extranjeros pero mientras no tapen el boquete que tienen\xe2\x80\xa6 https://t.co/1Z7d4spp4g'
2018-08-10 21:49:44,b'@ErrTioFermata @BillySheards @Avianca #AviancaMiente @Acdac1 @sicsuper'
2018-08-10 21:49:14,b'@bvcColombia @100Apoyopilotos Tranquilos accionistas de @Avianca ma\xc3\xb1ana salen a Decir que la quiere comprar\xe2\x80\xa6 https://t.co/GnqyfDDjJs'
2018-08-10 21:46:28,"b'Si usted pudiera escoger una aerol\xc3\xadnea, cu\xc3\xa1l de estas escoger\xc3\xada?\n@Avianca\n@CopaAirlines @LATAMAirlines'"
2018-08-10 21:45:51,"b'@ErrTioFermata @Avianca puta que oferton :v\nlo m\xc3\xa1s probable es que eso incluya demoras en el puto vuelo,que lo canc\xe2\x80\xa6 https://t.co/dMiRgSQaG3'"
2018-08-10 21:45:43,b'@Felipesegundo20 @cariortiz @ricarospina @Avianca @HernanRAvianca 107 Despidos y m\xc3\xa1s de 100 renuncias y sigue en au\xe2\x80\xa6 https://t.co/9lxSVwTERA'
2018-08-10 21:44:31,"b'@BillySheards Literal. O las \xe2\x80\x98estupendas promociones\xe2\x80\x99 de @Avianca: Tiquete a R\xc3\xado por 18.000 Lifemiles +$1,933.000.\xe2\x80\xa6 https://t.co/YnDr1D5UkX'"
2018-08-10 21:44:30,"b'@busterhab @ivancastro_s @Avianca sigue jugando mal . Si el ambiente laboral est\xc3\xa1 mal, c\xc3\xb3mo se sentir\xc3\xa1n despu\xc3\xa9s de\xe2\x80\xa6 https://t.co/ZiED4hSl91'"
2018-08-10 21:43:47,b'@lafm De quien es la culpa que los pilotos se quieran ir a trabajar a otras aerol\xc3\xadneas? De los pilotos o del desord\xe2\x80\xa6 https://t.co/4SUJWcKMOr'
2018-08-10 21:39:55,b'@diasdevictoria @Acdac1 @HernanRAvianca @Avianca La huelga fue entre otras cosas por nivelaci\xc3\xb3n salarial y discrimi\xe2\x80\xa6 https://t.co/zDvGaGKWw0'
2018-08-10 21:39:42,"b'@CaracolRadio @Avianca Otra salida en falso de @Avianca, que pensaran los pilotos que en este momento est\xc3\xa1n volando\xe2\x80\xa6 https://t.co/zMDhzp0zTY'"
2018-08-10 21:37:34,b'@BluRadioCo @Avianca Entonces la noticia es que @avianca le va a pagar a todos los pilotos 50 millones mensuales ??\xe2\x80\xa6 https://t.co/rYtdzem7Ch'
2018-08-10 21:37:23,b'@CaracolRadio @Avianca Y las felicitaciones de parte de  @AerocivilCol por el excelente servicio prestado? O ser\xc3\xa1 q\xe2\x80\xa6 https://t.co/1hCyNX3P34'
2018-08-10 21:36:29,b'@NoticiasCaracol @Avianca dicen que no es por el Pro de pilotos en los medios pero env\xc3\xadan a los clientes comunicaci\xe2\x80\xa6 https://t.co/iRfk4UJwoW'
2018-08-10 21:34:47,"b'@Avianca vamos para Aura en Avianca Ecuador, porque? No es que es colombiana?'"
2018-08-10 21:31:40,b'@Avianca Lo peor de lo peor #nomasabusosavianca'
2018-08-10 21:31:27,"b'@fapar05 @100Apoyopilotos @BluRadioCo @Avianca Si, atacaron sin conocer las razones de fondo y un a\xc3\xb1o despu\xc3\xa9s avian\xe2\x80\xa6 https://t.co/YwrhwWFTn0'"
2018-08-10 21:28:54,"b'@EspinosaRadio @Avianca Presidente de tres pesos, es como ver al Mindefensa'"
2018-08-10 21:28:41,b'@Avianca @monicaricand Hola!!! Les envi\xc3\xa9 un DM y pues ignorada total... #QueGracias'
2018-08-10 21:28:18,b'@larepublica_co @Avianca @united \nO sea que ahora para ir de bogota a medellin vamos 1ero a Panam\xc3\xa1 o a Miami?'
2018-08-10 21:27:35,b'@CaracolRadio @Avianca La soberbia no gana'
2018-08-10 21:25:12,b'@cariortiz @BluRadioCo @Avianca @MintrabajoCol Les dejo esto por ac\xc3\xa1 y me retiro lentamente https://t.co/mI4ELHymLi'
2018-08-10 21:25:12,"b'@LolyLuzAriza @Avianca @HernanRAvianca Ahora la culpa no es de la vaca, sino del golero.\n\nHay que ser muy bellaco e\xe2\x80\xa6 https://t.co/wcUTaBsGss'"
2018-08-10 21:23:54,b'@CaracolRadio @Avianca https://t.co/JRSfF4cKl2'
2018-08-10 21:23:30,b'@Juan_Florez @JERobledo @Avianca en C\xc3\xbacuta los vuelos dom\xc3\xa9sticos solo los cumbre avianca.monopolio.el Camilo Daza d\xe2\x80\xa6 https://t.co/9nQeay6Ou3'
2018-08-10 21:22:03,"b'@CaracolRadio @Avianca Las p\xc3\xa9simas decisiones administrativas de Avianca, las pagamos los colombianos, todo por el\xe2\x80\xa6 https://t.co/SyjesP8lCf'"
2018-08-10 21:21:00,b'@EspinosaRadio @Avianca La regulaci\xc3\xb3n de la \xe2\x9c\x88\xef\xb8\x8f civil ac\xc3\xa1 es un chiste: @Avianca abusa frecuentemente con tarifas y\xe2\x80\xa6 https://t.co/FRe7gdA1p4'
2018-08-10 21:20:42,b'@BluRadioCo @Avianca https://t.co/MlgAWw8GTT'
2018-08-10 21:08:41,b'@PalmaEdwin @Avianca @ECOPETROL_SA https://t.co/jRhBqKJFbC'
2018-08-10 20:54:39,b'@CaracolRadio @Avianca C\xc3\xb3mo as\xc3\xad???? Eso es legal???? Cualquier extranjero puede venir a trabajar en Colombia???'
2018-08-10 20:50:44,"b'@BluRadioCo @Avianca Si ah\xc3\xad plata para mejorar sueldos, ser\xc3\xa1 que esos sueldos salen de incrementar m\xc3\xa1s los tiquetes\xe2\x80\xa6 https://t.co/E9k2SHtCbU'"
2018-08-10 20:50:02,b'@CaracolRadio @Avianca Puedo dejar de manejar tractomula pa manejar avion? Estoy mamao de las vias de este pais y\xe2\x80\xa6 https://t.co/gR94XfTaks'
2018-08-10 20:49:17,b'@CaracolRadio @Avianca @roldan91_jonny @_Sarg93 uds que lo pilotean jajajaaj'
2018-08-10 20:49:04,"b'@Avianca De que sirve tener aviones de backup si no hay pilotos????? Se les olvido un que son ""servicio publico ese\xe2\x80\xa6 https://t.co/YyyQjJt9Q9'"
2018-08-10 20:45:27,b'RT: @caracolradio :#Nacional | @Avianca abre convocatoria a pilotos extranjeros para trabajar en Colombia con un salario de $50 millon\xe2\x80\xa6 http'
2018-08-10 20:44:29,b'@CaracolRadio @Avianca @Avianca Bien Caro Y Ademas Malooo'
2018-08-10 20:44:03,b'Pueden ayudarme con mi caso? @sicsuper est\xc3\xa1 gente de @Avianca lo \xc3\xbanico que hace es burlarse de las personas... https://t.co/2vuG47sONc'
2018-08-10 20:42:50,b'@BluRadioCo @Avianca Y en colombia no ah\xc3\xad gente preparada para esos cargos ?'
2018-08-10 20:42:27,b'#Nacional | @Avianca abre convocatoria a pilotos extranjeros para trabajar en Colombia con un salario de $50 millon\xe2\x80\xa6 https://t.co/HDdbjxPWuB'
2018-08-10 20:39:30,"b'@Avianca necesito urgente de su ayuda, para resolver un inconveniente. Gracias.'"
2018-08-10 20:36:53,b'@Juan_Florez @JERobledo @Avianca Por eso que Colombia se vuelva verdaderemente al LIBRE MERCADO y deje la economia\xe2\x80\xa6 https://t.co/X69CY7IzWi'
2018-08-10 20:34:42,"b'@Juan_Florez @JERobledo @Avianca Primero calmese, y solo comience con saber cu\xc3\xa1nto vale solo la tanqueada de un avi\xc3\xb3n, de ah\xc3\xad para adelante.'"
2018-08-10 20:32:33,b'@lauracharrype @RevistaDinero Interesting recently with pleasant safe on time flight from #costarica to #panama\xe2\x80\xa6 https://t.co/sVjUWCCGih'
2018-08-10 20:31:28,b'@BluRadioCo @Avianca Germ\xc3\xa1n Efromovich soberbio Hpta pague las consecuencias de su irracionalidad'
2018-08-10 20:30:49,"b'@nielsolsenp @Avianca_ec @Avianca Son una \xf0\x9f\x92\xa9\xf0\x9f\x92\xa9\xf0\x9f\x92\xa9 de empresa hace 2 meses viaj\xc3\xa9 de Suiza a Cali, me da\xc3\xb1aron 2 maletas c\xe2\x80\xa6 https://t.co/LmTO3IekDB'"
2018-08-10 20:28:05,b'A todas estas cu\xc3\xa1nto vale una acci\xc3\xb3n de @Avianca? \nCreo q esa es la preocupaci\xc3\xb3n m\xc3\xa1s grande de la compa\xc3\xb1\xc3\xada: Sus acc\xe2\x80\xa6 https://t.co/zsBuaUwyG9'
2018-08-10 20:24:13,b'Finalmente tras 4 semanas habl\xc3\xb3 @avianca Eso  duraron cuadrando el cuento para justificar su ineficiencia. Resulta\xe2\x80\xa6 https://t.co/DOlzxKH3nU'
2018-08-10 20:23:22,b'@BluRadioCo @Avianca \xc2\xbfY aviones no necesitan? porque de esos si hay bastantes en Colombia'
2018-08-10 20:22:35,b'@CaracolRadio @Avianca Nueve d\xc3\xadas? Lleva meses en las mismas! Y los usuarios son los q pagan x la desorganizaci\xc3\xb3n de la aerol\xc3\xadnea!'
2018-08-10 20:21:00,b'@larepublica_co @Avianca @united El flamante ganador de un aumento de tarifas?'
2018-08-10 20:20:56,b'\xf0\x9f\xa4\xa4\xf0\x9f\xa4\xa4\xf0\x9f\xa4\xa4un vuelo de @Avianca  casi de 72 a\xc3\xb1os \xf0\x9f\xa4\xa3\xf0\x9f\xa4\xa3\xf0\x9f\xa4\xa3\xf0\x9f\xa4\xa3por eso sera que no tienen tripulacion \xf0\x9f\x98\xb2\xf0\x9f\x98\xb2\xf0\x9f\x98\xb2\xf0\x9f\x98\xb2 https://t.co/WJX40OQzsw'
2018-08-10 20:20:24,b'@CaracolRadio @Avianca No sabe q hacer para culpar a los pilotos! Siendo q se est\xc3\xa1 reflejando las inconformidades y\xe2\x80\xa6 https://t.co/EEzEvfW365'
2018-08-10 20:20:09,b'@erikjulliuss @Avianca Querido duro de matar \xf0\x9f\xa4\x94'
2018-08-10 20:18:19,b'@CaracolRadio @Avianca La verdad q este personaje no sabe ni de lo q habla! Ahora es culpa de la huelga de hace un\xe2\x80\xa6 https://t.co/plzPBShwKS'
2018-08-10 20:17:02,"b'This is a joke, as you can see is a permanent ad restricting @prioritypasscom members, @Avianca each day is becomin\xe2\x80\xa6 https://t.co/Z4PbaPL3sb'"
2018-08-10 20:16:27,b'@BluRadioCo @Avianca 50 antes o despues de impuestos? Incluye prestaciones sociales? Commuting roster? Viaticos inc\xe2\x80\xa6 https://t.co/Ji6rzrc7jp'
2018-08-10 20:15:58,b'@EspinosaRadio @Avianca Y las sanciones donde quien vigila si quien como se hacen los de las gafas fuera al contrario ya seria ilegal !'
2018-08-10 20:15:00,"b'#Transporte| \xe2\x80\x9cEl usuario ser\xc3\xa1 el ganador si se aprueba la alianza de @Avianca , @united y Copa\xe2\x80\x9d\xe2\x80\xa6 https://t.co/5Xc5UUbv9I'"
2018-08-10 20:14:32,b'@Avianca sigo esperando que hagan algo para enamorarme... vuelos retrasados 24/7'
2018-08-10 20:13:19,b'@BluRadioCo @Avianca Claro a los pilotos colombianos los bajo avianca con la venia de la corte suprema'
2018-08-10 20:11:31,"b'@nielsolsenp @Avianca_ec @Avianca Es una \xf0\x9f\x92\xa9 Avianca. Adem\xc3\xa1s de mal servicio, no colaboran en  y compensan cero.'"
2018-08-10 20:08:05,b'@Diegoarleyloza4 @Juan_Florez @Avianca @AlvaroUribeVel Deacuedo contigo solo favorecen al que tiene plata \xf0\x9f\x98\x94'
2018-08-10 20:05:28,b'@Pilotswife777 @100Apoyopilotos  @IvanDuque @Avianca never forget AVIANCA SOMOS NOSOTROS LOS SERES HUMANOS SU GENTE\xe2\x80\xa6 https://t.co/rukLZ0eKkH'
2018-08-10 20:02:58,"b'Si alguien conoce al Copiloto Julio Castro, d\xc3\xadganle que hoy tuve el honor de ir en su silla en el A321 de @Avianca.\xe2\x80\xa6 https://t.co/0z1l9CTA3N'"
2018-08-10 20:01:56,"b'\xe2\x80\x9cEl usuario ser\xc3\xa1 el ganador si se aprueba la alianza de Avianca, United y Copa\xe2\x80\x9d: presidente de @Avianca, Hern\xc3\xa1n Rin\xe2\x80\xa6 https://t.co/v0VS6pKw6g'"
2018-08-10 19:59:09,"b'@elpaiscali C\xc3\xb3mo la \xc3\xbanica competencia era @VivaAirColombia  y se fue, @Avianca  no tira con los tiquetes. Es m\xc3\xa1s ba\xe2\x80\xa6 https://t.co/kpT65AnoRx'"
2018-08-10 19:59:05,b'En  julio @Avianca muestra algo de calma luego de la tormenta observada en junio. Los pasajeros totales transportad\xe2\x80\xa6 https://t.co/fffyeZmjGO'
2018-08-10 19:51:38,b'Hay un retraso de 72 a\xc3\xb1os en un vuelo de @Avianca   Lo que faltaba https://t.co/KtMQAURg6h'
2018-08-10 19:49:38,b'@Juan_Florez @Avianca https://t.co/9SwcvDhYWj'
2018-08-10 19:48:28,"b'@Acdac1 @HernanRAvianca @Avianca @YamidAmatCMI @ELTIEMPO @Citytv @CanalRCN Las vi, y tiene toda la raz\xc3\xb3n!'"
2018-08-10 19:45:18,b'@BluRadioCo @Avianca Pase de que categor\xc3\xada exigen ?'
2018-08-10 19:44:19,b'@BluRadioCo @Avianca Discriminar laboralmente a pilotos colombianos tambi\xc3\xa9n es violar sus derechos. Y ahora la nuev\xe2\x80\xa6 https://t.co/kAzKvBhijX'
2018-08-10 19:42:15,"b'Soberbia empresarial @Avianca y falta de compromiso con los clientes lleva a un p\xc3\xa9simo servicio, con la mirada ben\xc3\xa9\xe2\x80\xa6 https://t.co/0NL9HSWWsE'"
2018-08-10 19:41:33,"b'@CCANOFW @Felipesegundo20 @ricarospina @Avianca @HernanRAvianca Tal vez el sinverg\xc3\xbcenza es usted, que por lo visto\xe2\x80\xa6 https://t.co/tHE1MQg1Ne'"
2018-08-10 19:39:01,b'@BluRadioCo @Avianca Donde est\xc3\xa1n los que se quejaban que era un servicio esencial o fueron estos mismo. Medios de c\xe2\x80\xa6 https://t.co/qHFZoR3PoW'
2018-08-10 19:35:53,"b'@BluRadioCo @Avianca @AerocivilCol Extranjeros...SI, Colombianos.... fuera!! a la calle!!'"
2018-08-10 19:34:46,b'En su desespero @Avianca manipula y miente a la opini\xc3\xb3n p\xc3\xbablica. No q hab\xc3\xada un problema de software?!?\xe2\x80\xa6 https://t.co/ukxTqkQVsr'
2018-08-10 19:33:59,b'@BluRadioCo @Avianca si claro...'
2018-08-10 19:32:07,b'@lafm @Avianca Xjcxkxmci\xc3\xb1\xc3\xb1\xc3\xb1db \n\n\xc3\x9788'
2018-08-10 19:30:41,"b'@Nicoacap @100Apoyopilotos @Acdac1 @HernanRAvianca @Avianca Asi es Por el trabajo en equipo Seguridad, Equilibrio laboral y Respeto .'"
2018-08-10 19:29:45,"b'@BluRadioCo @Avianca Wuaoo, osea que si se pod\xc3\xada mejorar en algo el  salario a los que reclamaban por ello.'"
2018-08-10 19:25:55,"b'@nielsolsenp @Avianca Estimado Niels, lamentamos los inconvenientes. Por favor env\xc3\xadanos v\xc3\xada DM el c\xc3\xb3digo de reserva\xe2\x80\xa6 https://t.co/3hC5CUF0Li'"
2018-08-10 19:25:00,b'@Avianca @JuankCantillo Que ero que suerte tiene usted y me an dejado dos aviones que por que tienen mucha sobre ve\xe2\x80\xa6 https://t.co/FLGmRPKwRW'
2018-08-10 19:22:05,b'@BluRadioCo @Avianca Lo que hace la soberbia y la arrogancia del Sr. Efromovich'
2018-08-10 19:20:15,b'@BluRadioCo @Avianca Que desgracia...'
2018-08-10 19:15:28,"b'@Avianca Con seguridad, el se\xc3\xb1or Rinc\xc3\xb3n, presidente de Avianca, no viaja en @Avianca'"
2018-08-10 19:13:58,"b'@Acdac1 @HernanRAvianca @Avianca Un orgullo que los Pilotos Colombianos, tengan a un gran defensor de sus derechos\xe2\x80\xa6 https://t.co/YjcAISJZt4'"
2018-08-10 19:13:38,"b'@BluRadioCo @Avianca Prefiere pagarles a extranjeros, que a colombianos... y el ministerio de trabajo lo ampara...\xe2\x80\xa6 https://t.co/bOsdLOIDxg'"
2018-08-10 19:12:13,b'@Avianca para consultar vuelo Barranquilla Bogot\xc3\xa1 Dom 12 agosto 2:15'
2018-08-10 19:10:50,b'@100Apoyopilotos @Felipesegundo20 @ricarospina @Avianca @HernanRAvianca Mentira.\nGozan de privilegios que no tiene\xe2\x80\xa6 https://t.co/yZEbHrbanf'
2018-08-10 19:06:35,"b'@Avianca Deber\xc3\xadan recibir mas pilotos, bajando los requisitos de aerol\xc3\xadnea \xc3\xa1rabe que piden'"
2018-08-10 19:02:51,"b'@HernanRAvianca @Avianca Me parece muy bien Dr @HernanRAvianca , pero y los reembolsos de los tiquetes de los vuelo\xe2\x80\xa6 https://t.co/bZDbyAyogc'"
2018-08-10 19:01:51,b'@drcata @Avianca https://t.co/ffyq4xsYlG'
2018-08-10 19:00:39,b'Uno de los pocos aviones de @Avianca que quedan con la antigua pintura corporativa.\nAc\xc3\xa1 vemos un Airbus A319 del vu\xe2\x80\xa6 https://t.co/8XqjX89M6Z'
2018-08-10 19:00:15,b'Vuelo @Avianca 9250 #Florencia @AeroFlorencia - #Bogota @TorreElDorado @BOG_ELDORADO despeg\xc3\xb3 1:58pm en ATR72'
2018-08-10 18:59:22,b'@Avianca tengo un reclamo debido a que viajo de Madrid a Lima con escala en Bogot\xc3\xa1. Ahora me comunican que mi vuelo\xe2\x80\xa6 https://t.co/eRm0BJZFzN'
2018-08-10 18:58:35,"b'Estimados @Avianca_ec @Avianca,\nSu servicio es una porqueria. El a\xc3\xb1o pasado promet\xc3\xad no volver a volar con ustedes d\xe2\x80\xa6 https://t.co/DMB4ryzKAp'"
2018-08-10 18:58:16,b'@HernanRAvianca @Avianca Uy es enserio que todo el mundo tenga la culpa menos avianca 107 pilotos despedidos de\xe2\x80\xa6 https://t.co/FasAhXN1ep'
2018-08-10 18:57:29,b'@anaisahoyos @lafm @ClaMoralesM @Avianca https://t.co/WWNLRbUmqk'
2018-08-10 18:56:52,b'@BluRadioCo @Avianca Y a los pilotos colombianos cuanto les pagan???'
2018-08-10 18:56:40,b'@LyndaGlz @Avianca Tc es tu culo??'
2018-08-10 18:55:44,b'@drcata @Coviandes @Avianca @IvanDuque https://t.co/WWNLRbUmqk'
2018-08-10 18:54:26,b'@BluRadioCo @Avianca Si Avianca les va a pagar ese dineral a pilotos extranjeros por qu\xc3\xa9 no reincorporan a los que\xe2\x80\xa6 https://t.co/tWBjJEBDFB'
2018-08-10 18:52:28,b'@Spotters_Chile @Avianca A319  hasta Bogota ?????   Pobres pasajeros... son 6 horas en ese peque\xc3\xb1o avioncito..\xf0\x9f\x98\xad\xf0\x9f\x98\xad\xf0\x9f\x98\xad\xf0\x9f\x98\xad'
2018-08-10 18:48:52,b'@BluRadioCo @Avianca Pena ajena es lo que da esta aerolinea'
2018-08-10 18:47:59,b'Se\xc3\xb1ores @HernanRAvianca @Avianca el d\xc3\xada martes me cambiaron de vuelo por que en el que iba estaba sobrevendido ofre\xe2\x80\xa6 https://t.co/YrGvbX4bIt'
2018-08-10 18:45:10,b'Muy triste que @Avianca le trate de echar la culpa a un pasajero y que todav\xc3\xada no hayan resuelto este problema.\xe2\x80\xa6 https://t.co/hRkA7jz39N'
2018-08-10 18:44:43,b'Airbus A319 de @Avianca aline\xc3\xa1ndose para despegar con destino a #Bogot\xc3\xa1 \xf0\x9f\x87\xa8\xf0\x9f\x87\xb4.\nFoto: Ariel Poblete.\n#Avianca\xe2\x80\xa6 https://t.co/0DWZjCuJPt'
2018-08-10 18:44:34,b'@BluRadioCo @Avianca https://t.co/KxA1Jbwa0S'
2018-08-10 18:40:27,b'@Avianca Auxilio!!!! Le sale este error VERIFICAR EN O6 y no puedo hacer check in en Brasil para regresar a Ecuador'
2018-08-10 18:39:34,b'\xc2\xbfQu\xc3\xa9 le pas\xc3\xb3 a @Avianca? Cu\xc3\xa1ndo perdieron el rumbo? Y en dos meses cu\xc3\xa1l va a ser la excusa? https://t.co/17RKD25lST'
2018-08-10 18:37:53,"b'Ah pero entonces s\xc3\xad hay plata para subir los salarios, lo que pasa es que a @Avianca no le daba la gana y barri\xc3\xb3 co\xe2\x80\xa6 https://t.co/xIX0ufOO84'"
2018-08-10 18:36:04,b'@BluRadioCo @Avianca Si pod\xc3\xadan los hps.'
2018-08-10 18:35:55,b'@BluRadioCo @Avianca No alboroten m\xc3\xa1s la envidia...'
2018-08-10 18:35:03,b'@BluRadioCo @Avianca Y cuando le meter\xc3\xa1n mano a esta groser\xc3\xada de aerol\xc3\xadnea. Irrespeto constante a usuarios en vuelo\xe2\x80\xa6 https://t.co/athH8hY5Ud'
2018-08-10 18:34:34,"b'@Acdac1 @HernanRAvianca @Avianca De acuerdo, @Avianca es la culpable por su soberbia y arbitrariedad con los piloto\xe2\x80\xa6 https://t.co/EPBsh5OLpt'"
2018-08-10 18:34:03,"b'@Juanfermendieta @Avianca Son una empresa terrible en casi todos los sentidos, pero no existe monopolio, hay varias opciones m\xc3\xa1s.'"
2018-08-10 18:32:44,b'@HernanRAvianca @Avianca Antes me daba el lujo de viajar por avianca ahora no se puede por las tarifas tan altas de\xe2\x80\xa6 https://t.co/0ubnRvM0Kg'
2018-08-10 18:31:11,b'@BluRadioCo @Avianca Avianca hace lo que quiere con estado de solo ricos'
2018-08-10 18:30:27,b'@robertbg_ @Avianca Jajajaja eso me da es hasta risa ya'
2018-08-10 18:23:51,"b'@BluRadioCo @Avianca Avianca es el espejo de las EPS en Colombia. Insultan,degradan,abusan de los usuarios. Al lleg\xe2\x80\xa6 https://t.co/8npTBFz3st'"
2018-08-10 18:22:56,"b'Con la cantidad de vuelos cancelados de @Avianca esta semana, ser\xc3\xa1 confiable comprar tiquetes a\xc3\xa9reos por \xc3\xa9sta aerol\xe2\x80\xa6 https://t.co/oW3uAQBXDX'"
2018-08-10 18:22:45,b'@Portafolioco @Avianca https://t.co/WWNLRbUmqk'
2018-08-10 18:20:38,"b'\xc2\xbfPor qu\xc3\xa9 @Avianca no midi\xc3\xb3 el impacto en su operaci\xc3\xb3n del despido de decenas de pilotos? Les falt\xc3\xb3 cabeza fr\xc3\xada, se\xc3\xb1\xe2\x80\xa6 https://t.co/fSxzlCKxE9'"
2018-08-10 18:20:22,b'@Avianca por que no le cuentan ma verdad al pa\xc3\xads?\n#Avianca #aviancaMiente\nhttps://t.co/GQ5moOZH71'
2018-08-10 18:19:55,b'@EdisantiagoG @Juan_Florez @Avianca Mi \xc3\xbanica posibilidad de tener apellido italiano.'
2018-08-10 18:17:23,"b'@BluRadioCo @Avianca Presidente Duque con todo respeto y la consideraci\xc3\xb3n que merece su cargo, los Colombianos le p\xe2\x80\xa6 https://t.co/qEkm7MsnOq'"
2018-08-10 18:17:10,b'@Avianca Oye @Avianca aca te dejo la verdad detr\xc3\xa1s de todas tus mentiras e injurias hacia los pilotos que no tienen\xe2\x80\xa6 https://t.co/JJS5mDWSWH'
2018-08-10 18:16:21,"b'@LolyLuzAriza @Avianca Lo de costumbre, Loly: ""La culpa es de la vaca...""'"
2018-08-10 18:15:58,"b'Los pilotos extranjeros que contrate @Avianca ganar\xc3\xa1n 20 millones m\xc3\xa1s que el presidente de la Rep\xc3\xbablica, cinco vece\xe2\x80\xa6 https://t.co/uQMWMXFtVA'"
2018-08-10 18:15:42,"b'@Acdac1 @HernanRAvianca @Avianca A\xc3\xban la gerencia de la Compa\xc3\xb1\xc3\xada puede resolver la crisis, desistiendo de procesos l\xe2\x80\xa6 https://t.co/kYtp6EWyOY'"
2018-08-10 18:13:46,b'@chuchonando65 @Juan_Florez @Avianca Satena'
2018-08-10 18:13:19,b'Gracias @Avianca hoy nuevamente un vuelo puntual que me transporta! El 9735 puntual a Cali!'
2018-08-10 18:12:21,"b'@BluRadioCo @Avianca Los incompetentes nunca reconocen sus errores, piensan que son logros...'"
2018-08-10 18:12:08,b'@MaCrisMeneses @Avianca Ja ja ja'
2018-08-10 18:10:28,"b'@BluRadioCo @Avianca @AerocivilCol Vamos a ver que piloto ganando miles de d\xc3\xb3lares en el exterior, se viene a ese d\xe2\x80\xa6 https://t.co/3BtE0WZ4ri'"
2018-08-10 18:08:32,b'Gracias @Avianca por mandarme de Colombia a Canc\xc3\xban sin maleta y con la misma ropa sucia por tres dias.'
2018-08-10 18:07:09,b'@BluRadioCo @Avianca 50 millones?. Ganan mas que los gerentes de empresas granded e instituciones'
2018-08-10 18:06:19,"b'@Juanfermendieta @Avianca Yo he viajado estos dias por @LATAM_CO y @VivaAirColombia y me ha ido muy bien, no veo donde esta el monopolio.'"
2018-08-10 18:05:59,b'@Juan_Florez @Avianca @jorge793 usted es el paganini'
2018-08-10 18:02:18,"b'@BluRadioCo @Avianca En Colombia tambi\xc3\xa9n hay pilotos @Avianca solo es un oportunista usureros, que solo se exceden\xe2\x80\xa6 https://t.co/NBUvOlYbiC'"
2018-08-10 18:02:03,"b'@Juan_Florez @Avianca lo triste es la gran cantidad de usuarios que aplaudieron el atropello a los pilotos, que estupidez.'"
2018-08-10 18:01:28,b'@BluRadioCo @Avianca Jajajajjajaa apenas lo que necesito para chicanear.'
2018-08-10 18:00:38,"b'@BluRadioCo @Avianca Haci\xc3\xa9ndole el juego a Avianca, chicaneros, sueldos dizque de cincuenta millones... jajajaja'"
2018-08-10 18:00:01,b'No fue un error despedir los pilotos de Acdac: presidente de @Avianca https://t.co/YC7Jf0zHDp'
2018-08-10 17:57:41,"b'@BluRadioCo @Avianca Muy lamentable que nuestros pilotos colombianos no esten en la mentalidad de avianca , pero el\xe2\x80\xa6 https://t.co/ukHxmr7Ni9'"
2018-08-10 17:55:48,"b'Que c\xc3\xadnicos, persiguen a los trabajadores, logran la complicidad del Estado y ahora el abuso de @Avianca y su due\xc3\xb1o\xe2\x80\xa6 https://t.co/tgGZ0FHhlm'"
2018-08-10 17:55:25,b'.@Avianca abri\xc3\xb3 convocatoria para pilotos extranjeros con sueldo de $50 millones https://t.co/hg1FqZ7vVa\xe2\x80\xa6 https://t.co/tk2pRI7Pod'
2018-08-10 17:54:52,b'.@Avianca abri\xc3\xb3 convocatoria para pilotos extranjeros con sueldo de $50 millones https://t.co/hg1FqZp6MI #MeridianoBLU'
2018-08-10 17:54:40,b'@Avianca Pues est\xc3\xa1 inoperancia no solo es con vuelos dom\xc3\xa9sticos!! Les han retrasado el vuelo a mis suegros en Madri\xe2\x80\xa6 https://t.co/79SWOtvvUS'
2018-08-10 17:54:33,"b'@Acdac1 @HernanRAvianca @Avianca Los pilotos de Acdac, la prolongaci\xc3\xb3n  del invierno  y  el cambio  de h\xc3\xa1bitos de l\xe2\x80\xa6 https://t.co/mDIUIKzMhT'"
2018-08-10 17:51:40,b'@Avianca es lo peor!!! Le han retrasado el vuelo a mis suegros ya 5 veces!!! Llevan horas esperando en Madrid y no\xe2\x80\xa6 https://t.co/qO4fQ9wGxS'
2018-08-10 17:51:35,"b'@lcvelez @lafm La huelga no era ilegal, que @Avianca movi\xc3\xb3 influencias y as\xc3\xad la declararon es otra cosa.'"
2018-08-10 17:51:27,b'@Juan_Florez @Avianca Igual que Ecopetrol y Transmilenio.'
2018-08-10 17:47:16,b'Cambios en vuelos de @avianca que podr\xc3\xadan ser de tu inter\xc3\xa9s \xe2\x86\x92 https://t.co/IEkWQOvV8Y v\xc3\xada @elcolombiano'
2018-08-10 17:45:41,b'@YolandaRuizRCN @Avianca Y \xc3\xa9l estado acolito la masacre laboral y ah\xc3\xad tienen las consecuencias.'
2018-08-10 17:43:05,b'@Cesar_Aguirre_ @Avianca Jajaj eso no m\xc3\xa1s!!!'
2018-08-10 17:39:32,b'@DesastreRadical @Avianca Relajese'
2018-08-10 17:36:41,b'@LifeMiles @StartAlliance @Avianca Este es el mensaje que recibo uds @LifeMiles soporte. Me parece un acto descarad\xe2\x80\xa6 https://t.co/kxEQvlyRcd'
2018-08-10 17:36:18,b'@BluRadioCo @Avianca @AerocivilCol Se v\xc3\xada venir la solicitud'
2018-08-10 17:34:51,b'@FundacionACUA @AlcaldiaCTG @bolivarsiavanza @icultur @Ipcc_Cartagena ma\xc3\xb1ana termina nuestra campa\xc3\xb1a en @Vaki_co\xe2\x80\xa6 https://t.co/3EzwoWbMdC'
2018-08-10 17:34:33,b'#ExclusivoBLU Mediante una carta @Avianca le solicit\xc3\xb3 a la @AerocivilCol permiso para contratar 70 pilotos extranje\xe2\x80\xa6 https://t.co/KLsj4P0U3k'
2018-08-10 17:30:33,b'@HernanRAvianca @Avianca No lo veo en esta publicaci\xc3\xb3n https://t.co/4UfnE53gON'
2018-08-10 17:30:06,"b'@PGN_COL @FiscaliaCol @MintrabajoCol : Con la doble jornada a pilotos de @Avianca, que MERMELO @CConstitucional par\xe2\x80\xa6 https://t.co/379vqy3Ild'"
2018-08-10 17:29:57,b'@HernanRAvianca @Avianca Le qued\xc3\xb3 grande. Deje de calentar puesto'
2018-08-10 17:29:12,"b'@Conexionista @LauraaMunoz @FiorellaDcroz @drcata @diglop07 @Avianca No, no todas por diferentes variables como: ti\xe2\x80\xa6 https://t.co/jAg1v4tg00'"
2018-08-10 17:27:51,b'Ma\xc3\xb1anero. @AeropuertoCali @Avianca https://t.co/0uSTH7Hhpq'
2018-08-10 17:27:36,b'@meglurvey @Avianca'
2018-08-10 17:26:31,b'@HernanRAvianca @Avianca Con ese cuento a otros pendejos se\xc3\xb1or. Es culpa de USTEDES lo que est\xc3\xa1 pasando y no solo a\xe2\x80\xa6 https://t.co/ojGpRoVUul'
2018-08-10 17:26:21,"b'Lo dicho, despu\xc3\xa9s de un a\xc3\xb1o y de dar diferentes versiones, @avianca miente como quiera que sus problemas operaciona\xe2\x80\xa6 https://t.co/7OJYcbJTJj'"
2018-08-10 17:25:42,"b'@NataliaTrd @Avianca @AviancaAbusa @AviancaEscucha Claro que s\xc3\xad, me parece bien'"
2018-08-10 17:23:31,b'El vlo 142 de @Avianca procedente de #Lima @AeropuertoLima est\xc3\xa1 demorado. Estima arribar en #Bogot\xc3\xa1 @BOG_ELDORADO a\xe2\x80\xa6 https://t.co/AjiQ2fenRJ'
2018-08-10 17:22:57,b'@marinomazo @Avianca @AviancaAbusa @AviancaEscucha Regresando a Bogot\xc3\xa1 har\xc3\xa9 el respectivo reclamo.'
2018-08-10 17:22:05,"b'@Avianca es el peor servicio del universo, me tienen en Madrid que supuestamente era a la 5:25pm y lo han ido retra\xe2\x80\xa6 https://t.co/QvlS6gGeeO'"
2018-08-10 17:20:57,"b'@Portafolioco @Avianca ""\xc2\xa1CU\xc3\x81NTA HIPOCRES\xc3\x8dA!""\nhttps://t.co/EyGmHDRvlT https://t.co/1ceuxw7mPu'"
2018-08-10 17:18:22,b'@BluRadioCo @Avianca Por el momento es mejor no comprar tiquetes con avianca.'
2018-08-10 17:16:32,b'@NataliaTrd @Avianca @AviancaAbusa @AviancaEscucha Que mal. Pero hay algo que se llama responsabilidad civil contra\xe2\x80\xa6 https://t.co/dGWDFz0abd'
2018-08-10 17:15:50,b'@lafm @ClaMoralesM @Avianca @AerocivilCol investiguen y sancionen'
2018-08-10 17:13:28,"b'@Avianca ac\xc3\xa1 un funcionario de ustedes, trancando la v\xc3\xada y sin reparo toc\xc3\xb3 esperarlo hasta que se comiera su empana\xe2\x80\xa6 https://t.co/2IihhGVPvc'"
2018-08-10 17:13:07,"b'@BluRadioCo @Avianca Lo peor es que siguen cobrando m\xc3\xa1s que Latam, Viva, Easy...\nSon unos ladrones.'"
2018-08-10 17:12:55,b'@BluRadioCo @Avianca Nunca perversa compa\xc3\xb1ia'
2018-08-10 17:12:12,b'@Juan_Florez @Avianca Eso es lo que quieren con la reforma tributaria que el empresariado gane m\xc3\xa1s dinero y tener r\xe2\x80\xa6 https://t.co/piFnFxsmy2'
2018-08-10 17:09:41,b'.@Avianca est\xc3\xa1 reubicando 21 vuelos este viernes. La aerol\xc3\xadnea advirti\xc3\xb3 que la situaci\xc3\xb3n se seguir\xc3\xa1 presentando mie\xe2\x80\xa6 https://t.co/9kgiBUf1FV'
2018-08-10 17:08:21,"b'Hasta que a @Avianca no se le caiga un avi\xc3\xb3n \xe2\x9c\x88\xef\xb8\x8f la @AerocivilCol no se va a preocupar por el tema, permitiendo abus\xe2\x80\xa6 https://t.co/UtDWoRWUYH'"
2018-08-10 17:03:14,b'@Juan_Florez @Avianca El @transmilenio del aire... Que m\xc3\xa1s se puede esperar?'
2018-08-10 17:01:01,b'Que bonito\xf0\x9f\x98\x8d @Avianca https://t.co/5FzTloVTmr'
2018-08-10 17:00:36,b'@Avianca #nicaragua #airavianca #donnotfly #donotbook #travelers #iwantmyrefund #betterbusinessbureau https://t.co/3R2h8TGVkE'
2018-08-10 16:58:13,b'@Juan_Florez @Avianca Se aproxima la venta y el servicio va a ser peor ... \xf0\x9f\xa4\x94'
2018-08-10 16:56:50,b'@Avianca #nicaragua #airavianca #donnotfly #donotbook #travelers #iwantmyrefund #betterbusinessbureau https://t.co/3HLZsJxy2X'
2018-08-10 16:53:06,b'Pasajeros claman por m\xc3\xa1s oferta de aerol\xc3\xadneas en #CaliCo https://t.co/BqZdZdCevt @DEconomicoCali @estebanpie\xe2\x80\xa6 https://t.co/zfTlP1Rcar'
2018-08-10 16:50:10,b'Qu\xc3\xa9 tal que en la sala VIP de @Avianca en Cartagena hubiera galletas Chepacorinas y darle as\xc3\xad m\xc3\xa1s realce a la gastr\xe2\x80\xa6 https://t.co/k93Y39wmM3'
2018-08-10 16:48:06,"b'@Avianca @HernanRAvianca Creo que les hace falta una muy importante, contratar pilotos para reemplazar los que se fueron, no se pi\xc3\xa9nsenlo'"
2018-08-10 16:48:03,b'@NachoGreiffenst @Avianca Quebr\xc3\xb3'
2018-08-10 16:41:10,"b'@Avianca Para mi acompa\xc3\xb1arlos en momentos dif\xc3\xadciles,'"
2018-08-10 16:38:20,b'@Avianca \xc2\xbfs\xc3\xad pillan c\xc3\xb3mo Y POR QU\xc3\x89 se debe sancionar a un empleado? https://t.co/qcXNj4b62N'
2018-08-10 16:34:01,b'@MaCrisMeneses @Avianca m\xc3\xa1ndelos a volar...!!!'
2018-08-10 16:33:15,"b'@Avianca \xc3\xb3sea q uno si debe esperar por las demoras a ustedes pero ustedes a uno no le pasan ni media, no es justo!'"
2018-08-10 16:33:13,"b'@getsemani4040 @Avianca Le sugiero buscar en Google la definici\xc3\xb3n de monopolio, por eso Avianca hace lo que quiere con los pasajeros.'"
2018-08-10 16:32:49,b'Entonces @Avianca @orozco_angela @MinTransporteCo @AerocivilCol \n\nHacen lo que se les de la gana? https://t.co/1OYnNAkaoa'
2018-08-10 16:30:24,"b'@larepublica_co @Avianca @united Pues si se traduce en tarifas m\xc3\xa1s econ\xc3\xb3micas entre Colombia, Panam\xc3\xa1 y EE. UU., bie\xe2\x80\xa6 https://t.co/MMqQnoQ5WX'"
2018-08-10 16:30:03,"b'@EspinosaRadio @Avianca En Caracol, el tipo dijo que era culpa del invierno y de las aves migratorias (cosas que af\xe2\x80\xa6 https://t.co/AksSn7asUR'"
2018-08-10 16:27:44,"b'Entre @coviandes y @Avianca , el llano, despensa de Colombia, est\xc3\xa1 condenado al aislamiento, las p\xc3\xa9rdidas econ\xc3\xb3mica\xe2\x80\xa6 https://t.co/UkWzSIft6g'"
2018-08-10 16:26:54,b'@Supertransporte @AerocivilCol @CaracolRadio @lafm A las 11:24 am los magos de @Avianca  empiezan con el jueguito.\xe2\x80\xa6 https://t.co/PCYvG2WRvF'
2018-08-10 16:25:33,b'Entonces @IvanDuque va a dejar que @Avianca haga lo que les de la gana?\n\n@infopresidencia @AerocivilCol\xe2\x80\xa6 https://t.co/XfHpRbsMCl'
2018-08-10 16:25:08,b'@Juan_Florez @Avianca Yo no entiendo como todavia le compran tiquetes a esta aerolinea @Avianca'
2018-08-10 16:24:24,"b'@Avianca cuando son 35 minutos antes y no quisieron aceptar la maleta, ahora dicen que me cobran penalidad de 75 d\xc3\xb3\xe2\x80\xa6 https://t.co/GA6HdBLucl'"
2018-08-10 16:23:18,"b'@Avianca c\xc3\xb3mo puede ser posible que llegue 40 minutos antes y no me dejan registar la maleta, vuelo 8575 y me cobren de penalidad 75 d\xc3\xb3lares'"
2018-08-10 16:22:14,b'@sanchezcastejon @Ryanair En Espa\xc3\xb1a  el gobierno est\xc3\xa1 pendiente del desarrollo de una huelga de pilotos europeos pa\xe2\x80\xa6 https://t.co/ctno9QZarK'
2018-08-10 16:16:01,"b'alguien me puede explicar? \npara echar a los pilotos @avianca si es un servicio p\xc3\xbablico esencial, para garantizar s\xe2\x80\xa6 https://t.co/GClbpRgjEC'"
2018-08-10 16:09:33,b'@Elmontesconde @AlbertoLamelas @Avianca Mucha suerte Alberto .La mereces .'
2018-08-10 16:06:24,b'@drcata @ivantorresn @Avianca Arbitrarios y no hay control de su abuso'
2018-08-10 16:05:23,b'@lcvelez @lafm @Avianca @MintrabajoCol @NoticiasCaracol @NoticiasRCN @NoticiasUno Pero para bajarle el salario a lo\xe2\x80\xa6 https://t.co/Q9zcXphx79'
2018-08-10 16:04:43,"b'@Avianca haciendo lo mismo de Pe\xc3\xb1aloza, jugando al retrovisor y echandole la culpa a los pilotos, a ver srs de Avia\xe2\x80\xa6 https://t.co/ybsbDU6XCw'"
2018-08-10 16:03:04,b'Sindicato le responde a Avianca: es mentira que crisis sea por una huelga de hace 11 meses\n@Avianca @AerocivilCol\xe2\x80\xa6 https://t.co/8rVqPNqtC3'
2018-08-10 16:00:46,b'@Juan_Florez @Avianca Adem\xc3\xa1s le bajaran impuestos que tambi\xc3\xa9n se engulli\xc3\xa1 su due\xc3\xb1o.'
2018-08-10 15:57:01,"b'Ese silencio c\xc3\xb3mplice y alcahueta con @Avianca es inaceptable y demuestra que a entes de control, los pasajeros les\xe2\x80\xa6 https://t.co/K2tXLW6Tci'"
2018-08-10 15:50:10,b'Los siete puntos clave con las que @Avianca  espera mejorar su operaci\xc3\xb3n https://t.co/zM6pYMyCXM https://t.co/FtS3o1UE1H'
2018-08-10 15:46:58,"b'@fabioariascut Y menos con el nuevo presidente, hermano de Mar\xc3\xada Paula Duque, directiva de @Avianca'"
2018-08-10 15:46:11,b'@getsemani4040 @DesastreRadical @Avianca Como aeroflota la Macarena?'
2018-08-10 15:45:01,b'P\xc3\xa9simo servicio de Avianca!!! \xf0\x9f\x98\xa1\xf0\x9f\x98\xa1\xf0\x9f\x98\xa1@Avianca'
2018-08-10 15:43:53,"b'Uno de nuestros conferencistas invitados al #CongresoANATO que se desarrollar\xc3\xa1 en Bucaramanga, ser\xc3\xa1 el CEO de\xe2\x80\xa6 https://t.co/HZCv9tmFpE'"
2018-08-10 15:41:02,b'@Avianca Esperamos que se ejecute que es lo mas importante. Crearon un monopolio y tienen a todos los viajeros ahora clavados.'
2018-08-10 15:39:59,"b'@lcvelez @lafm @Avianca @MintrabajoCol El pr\xc3\xb3ximo sindicato que se ver\xc3\xa1 afectado, es el de la USO y ADECO, ya que g\xe2\x80\xa6 https://t.co/PgsozEU1Kb'"
2018-08-10 15:37:48,b'@MabelLaraNews persisten los problemas en @Avianca y ahora vuelven a echarle la culpa a @Acdac1! Que descaro!!!\nTe\xe2\x80\xa6 https://t.co/9kwsvS4CPt'
2018-08-10 15:37:19,b'@lcvelez @lafm @Avianca @MintrabajoCol @MintrabajoCol los colombianos esperamos la misma contundencia en sus actuac\xe2\x80\xa6 https://t.co/0DG1cqZqtL'
2018-08-10 15:34:02,b'@lafm @ClaMoralesM DESCARADO! Apoyo total a @Acdac1! \n@Avianca cometi\xc3\xb3 una masacre laboral y pretende seguir buscan\xe2\x80\xa6 https://t.co/dEqexFcWia'
2018-08-10 15:33:46,b'@Acdac1 @HernanRAvianca @Avianca Es un monopolio extranjero al que le dieron la categor\xc3\xada de p\xc3\xbablico y que ahora se\xe2\x80\xa6 https://t.co/NI3zAtq6wG'
2018-08-10 15:33:42,"b'@lcvelez @lafm Fuera que a los pilotos que lucharon por sus derechos  los hecharon como a unos perros, sigue el Se\xc3\xb1\xe2\x80\xa6 https://t.co/5E5BKsr6c7'"
2018-08-10 15:32:41,b'@NachoGreiffenst @Avianca \xf0\x9f\xa4\x94\xf0\x9f\xa4\x94\xf0\x9f\xa4\x94\xf0\x9f\xa4\x94...quebrada?'
2018-08-10 15:31:16,"b'Ya era hora de que @Avianca estuviera quebrada pero sigue habiendo tontos que contin\xc3\xbaan comprandoles tiquetes, para\xe2\x80\xa6 https://t.co/tuW1fWRjQ8'"
2018-08-10 15:28:48,"b'@Avianca est\xc3\xa1 jodida con ese presidente, que no ha sido capaz de estabilizar la empresa nueve meses despu\xc3\xa9s de fina\xe2\x80\xa6 https://t.co/b7BZSjnPHY'"
2018-08-10 15:27:27,b'@WRadioCoIombia @sicsuper @AviancaEscucha @jsanchezcristo ayuda. @avianca cancela viajes y perjudica. promete soluc\xe2\x80\xa6 https://t.co/OngVojLQjT'
2018-08-10 15:24:34,b'@rbertieri @rcnradio @Avianca @YolandaRuizRCN @EspinosaRadio @jmruizmachado Muy buen reportaje .'
2018-08-10 15:19:30,b'#Nacionales La aerol\xc3\xadnea colombiana @Avianca sum\xc3\xb3 dos aeronaves Airbus A320 a su flota https://t.co/r42sRcqcFW'
2018-08-10 15:16:03,"b'@PalmaEdwin @Avianca @Acdac1 Solidaridad con los pilotos de @Acdac1, Por su buen nombre, asco por @Avianca.'"
2018-08-10 15:15:27,b'@Conexionista @crdelc @drcata @Avianca Ya deje de atacar mi personalidad y torcer todo porq no sabe m\xc3\xa1s q decir. Po\xe2\x80\xa6 https://t.co/NYwCZqWhcb'
2018-08-10 15:14:42,"b'@HernanRAvianca @Avianca Dr. Hern\xc3\xa1n con todo el respeto, que video tan mal hecho \xc2\xbfdonde est\xc3\xa1n sus asesores de comun\xe2\x80\xa6 https://t.co/rUNpei7OCs'"
2018-08-10 15:13:01,"b'@CaracolRadio @Avianca 1) Clima, migraciones de aves, rayos y aeropuertos que no son 24 horas les parece excusas se\xe2\x80\xa6 https://t.co/Fv7m1IEZP9'"
2018-08-10 15:10:20,b'@PintoJohnatan @Avianca @AerocivilCol \xf0\x9f\x92\x99\xe2\x9c\x88'
2018-08-10 15:07:08,"b'Pregunta t\xc3\xa9cnica, por qu\xc3\xa9 cuando @vivacolombia_va  viajaba a #calico @Avianca @LATAM_CO  y dem\xc3\xa1s aerol\xc3\xadneas sacaban\xe2\x80\xa6 https://t.co/8D7fFvJO9u'"
2018-08-10 15:07:06,b'@MarcoMeiZ @Avianca @elespectador Antes un vuelo BOG-RNG se hacia en 28 min hoy dia esa misma ruta se hace en 1:45\xe2\x80\xa6 https://t.co/uUrvPVrmhg'
2018-08-10 15:06:38,"b'@Juan_Florez @Avianca Juan, parece que a la gente se le olvida que el presidente de Avianca no ten\xc3\xada experiencia en\xe2\x80\xa6 https://t.co/ZtMGhjYXrB'"
2018-08-10 15:05:46,"b'@Avianca como raro prestando la peor atenci\xc3\xb3n al cliente, no llego mi equipaje y m\xc3\xa1s de 24 horas despu\xc3\xa9s me dicen e\xe2\x80\xa6 https://t.co/nO3nva4G2C'"
2018-08-10 15:05:13,b'@Acdac1 @HernanRAvianca @Avianca 100% apoyo'
2018-08-10 15:01:27,"b'@Juan_Florez @Avianca As\xc3\xad son 99,9% de las empresas, nunca, las oportunidades tienen una funci\xc3\xb3n distinta a la de r\xe2\x80\xa6 https://t.co/IN3Wk4DQFC'"
2018-08-10 15:00:01,b'#FlashRedM\xc3\xa1s | Las noticias m\xc3\xa1s importantes del momento: \n1\xe2\x83\xa3 \xe2\x80\x9cEste ser\xc3\xa1 un Ministerio de resultados en seguridad ci\xe2\x80\xa6 https://t.co/VITJB20NF1'
2018-08-10 14:59:47,"b'@MarcoMeiZ @Avianca @elespectador Esa afirmaci\xc3\xb3n tiene muchos Interrogantes , la experiencia est\xc3\xa1 vinculada a los a\xe2\x80\xa6 https://t.co/1pcEw3awtB'"
2018-08-10 14:59:11,b'@BrinezFotografo @Avianca Yo pens\xc3\xa9 que era una foto suya y que estaba chicaneando'
2018-08-10 14:59:01,b'@Avianca es una verg\xc3\xbcenza nacional. Son unos ladrones y bufones cuando se trata de responder. https://t.co/5BMz2SsQ3e'
2018-08-10 14:58:39,b'@BluRadioCo @Avianca Sea lo que sean nuestros pilotos en el exterior est\xc3\xa1n siendo muy bien valorados humanamente y\xe2\x80\xa6 https://t.co/imY6AJzIvb'
2018-08-10 14:58:20,"b'Se lleva a cabo el foro de prospectiva del turismo, donde se realiza una jornada empresarial en el @sannicolascc d\xc3\xb3\xe2\x80\xa6 https://t.co/vRmEkCd9Gp'"
2018-08-10 14:57:16,"b'@Avianca es vuelos atrasados, filas, tiquete costosos, mal servicio, plataforma web inservible.\nSr Presidente\xe2\x80\xa6 https://t.co/dIn9B6Bc9A'"
2018-08-10 14:56:37,b'@Juan_Florez @Avianca avianca es una prueba m\xc3\xa1s de que colombia es una dictadura.'
2018-08-10 14:56:29,"b'@Acdac1 @HernanRAvianca @Avianca pero esto si es el colmo , perdon !!!! pero hay muchos pilotos intentando entrar a\xe2\x80\xa6 https://t.co/8xkXr6QX0k'"
2018-08-10 14:56:20,b'@AviancaEscucha Gracias por responder. Debo reconocer que el vuelo se retras\xc3\xb3 tan solo 40 minutos. Llego con mucho\xe2\x80\xa6 https://t.co/0kbIkTRK9W'
2018-08-10 14:54:28,b'@Avianca que horror responsabilizar de su ineficiencia a sus trabajadores. Asuman que la empresa es incumplida y qu\xe2\x80\xa6 https://t.co/7exJ1shp9r'
2018-08-10 14:54:10,b'Yo no s\xc3\xa9 por qu\xc3\xa9 dicen que el servicio de @Avianca ha desmejorado... si siempre ha sido una grand\xc3\xadsima cagada \xf0\x9f\x92\xa9\xf0\x9f\x92\xa9'
2018-08-10 14:54:06,"b'@avianca @AviancaEscucha su presidente tiene huevo, ahora el sindicato es el que tiene la culpa del p\xc3\xa9simo servicio\xe2\x80\xa6 https://t.co/B84ZdeuIAL'"
2018-08-10 14:53:59,"b'@Conexionista @crdelc @drcata @Avianca Jaja usted hablando de soberbia cuando tilda a otros de ""cavern\xc3\xadcolas"" y ""de\xe2\x80\xa6 https://t.co/DNXc7fTfnq'"
2018-08-10 14:53:22,b'@Bocadchivo @Juan_Florez @Avianca Depende a Neiva no van m\xc3\xa1s aerol\xc3\xadneas'
2018-08-10 14:50:33,b'Sindicato de Pilotos de @Avianca rechaza declaraciones de esta ma\xc3\xb1ana a medios - @lafm #MePasoALaFM https://t.co/KaeUryhhTa'
2018-08-10 14:50:04,"b'@Juan_Florez @Avianca Y los concejales que solo sirven para joder, son Los bobitos que no see dan cuenta que pueden\xe2\x80\xa6 https://t.co/gygcuV2HQ8'"
2018-08-10 14:48:15,"b'El negocio @Avianca es un ejemplo de compa\xc3\xb1\xc3\xada mediocre que cuando logra grandes ganancias, las engullen todas sus d\xe2\x80\xa6 https://t.co/by3aLQ9eKk'"
2018-08-10 14:47:29,b'@EspinosaRadio @luisyepesb @Avianca Ya nadie les cree! #paisdecafres'
2018-08-10 14:46:54,"b'@BluRadioCo @Avianca SERVICIO P\xc3\x9aBLICO,jajajaja'"
2018-08-10 14:46:25,b'@100Apoyopilotos @Avianca @elespectador Entiendo. Gracias por ampliar el tema. Es un tema que los usuarios debemos\xe2\x80\xa6 https://t.co/F1KDX3yyRM'
2018-08-10 14:45:34,b'@BluRadioCo @Avianca Vuelve y juega culpables los pilotos?\njuegan con los pasajeros y QUI\xc3\x89N les pone freno.'
2018-08-10 14:44:53,"b'@BluRadioCo @Avianca Me parece un comentario desacertado. Una cosa es la ""ilegalidad"" de la huelga, y otra actos ""i\xe2\x80\xa6 https://t.co/KaUC9GKSwN'"
2018-08-10 14:43:41,b'@larepublica_co @Avianca Creo que en vez de fomentar competencia se forma un monopolio que encarece y da\xc3\xb1a servicio'
2018-08-10 14:42:02,b'@Conexionista @crdelc @drcata @Avianca No proyecte profesor. S\xc3\xb3lo lo estoy citando. Usted es quien cree en la volun\xe2\x80\xa6 https://t.co/Bp6Kohe4CR'
2018-08-10 14:39:06,b'@AdrianaMunozA @Avianca @Avianca se convirti\xc3\xb3 en una de las empresas m\xc3\xa1s  incumplidas. No lo duden viajen por @LATAM_CO'
2018-08-10 14:37:39,b'@BluRadioCo @Avianca yo quede aterrado con. Las respuestas mediocres del dir. de @Avianca de raz\xc3\xb3n Avianca De mal e\xe2\x80\xa6 https://t.co/NwHL67OURM'
