2018-08-17 13:46:31,"b'@azulinhasaereas O v\xc3\xb4o \xc3\xa9 segunda as 2 da manh\xc3\xa3. J\xc3\xa1 n\xc3\xa3o seria poss\xc3\xadvel? Hoje \xc3\xa9 sexta 11 da manh\xc3\xa3, menos de 3 dias.'"
2018-08-17 13:31:06,"b'@azulinhasaereas peloamor de Deus, encontre minha mala. Porque sen\xc3\xa3o vou ter de andar nua pela rua e ningu\xc3\xa9m quer i\xe2\x80\xa6 https://t.co/4fPUKi7OQV'"
2018-08-17 13:01:05,b'Depois de ter sido EXTREMAMENTE mal atendida pela atendente da @azulinhasaereas tive duas experi\xc3\xaancias boas na sequ\xe2\x80\xa6 https://t.co/gWixsN35Ji'
2018-08-17 12:57:15,b'@azulinhasaereas O site de voc\xc3\xaas \xc3\xa9 um caos total. Espero que n\xc3\xa3o contamine as aeronaves!'
2018-08-17 12:56:56,"b'Al\xc3\xa9m de malas quebradas pela companhia, @azulinhasaereas e at\xc3\xa9 o momento aguardo um retorno!'"
2018-08-17 12:56:26,b'A mala que n\xc3\xa3o foi extraviada veio arranhada e varias pessoas tiveram o mesmo problema @azulinhasaereas'
2018-08-17 12:55:59,"b'Voo de Salvador com escala em Confins, com destino a Buenos Aires! @azulinhasaereas'"
2018-08-17 12:55:20,b'Obrigada @azulinhasaereas por extraviar minha mala e n\xc3\xa3o me d\xc3\xa1 nenhuma posi\xc3\xa7\xc3\xa3o at\xc3\xa9 agora!'
2018-08-17 12:40:50,b'@azulinhasaereas nao consigo acessar reserva - porque voces fazem segredo desse localizador se eu ja paguei a passagem?????????????'
2018-08-17 12:39:59,b'Esta @azulinhasaereas \xc3\xa9 t\xc3\xa3o simp\xc3\xa1tica!\xf0\x9f\x98\x8a\xf0\x9f\x9b\xab https://t.co/Jf3KHgGncj'
2018-08-17 12:35:11,b'@azulinhasaereas Mas vcs n\xc3\xa3o explicaram o pq\nPorque?'
2018-08-17 12:06:24,"b'@azulinhasaereas atendimento telef\xc3\xb4nico leva 15 minutos sem ningu\xc3\xa9m atender e app tamb\xc3\xa9m obriga a pagar o assento,\xe2\x80\xa6 https://t.co/ubMFna65TU'"
2018-08-17 11:53:23,"b'@azulinhasaereas para fazer checkin online tenho que pagar pelo assento? N\xc3\xa3o quero isso, como fazer?'"
2018-08-17 11:48:01,"b'@azulinhasaereas  E190, Band TV livery, Bel\xc3\xa9m, photo UZ7. https://t.co/eWFLtP5dbz'"
2018-08-17 10:30:29,b'Quebrei a cara achando que o avi\xc3\xa3o da @azulinhasaereas teria TV no trajeto Fortaleza-BH. Vamos de leitura...'
2018-08-17 07:16:48,b'@azulinhasaereas cancelou meu v\xc3\xb4o para porto seguro ontem. Me colocou em v\xc3\xb4o de outra companhia. Chegando no chekin\xe2\x80\xa6 https://t.co/dH1Z7JqCNt'
2018-08-17 02:57:45,b'Quem vai levar \xc3\xa9 o avi\xc3\xa3o \xe2\x9c\x88\xef\xb8\x8f \nObrigado pela parceria de peso @azulinhasaereas https://t.co/0ztJ1m0Sqh'
2018-08-17 02:51:59,"b'@azulinhasaereas ol\xc3\xa1! Alterei minha passagem, n\xc3\xa3o recebi email de confirma\xc3\xa7\xc3\xa3o. Liguei no 4003, o rapaz disse que es\xe2\x80\xa6 https://t.co/YyPpQh2kBi'"
2018-08-17 02:16:38,b'Mano me pergunto pq at\xc3\xa9 hoje a @azulinhasaereas n\xc3\xa3o fizeram uma propagando com aquela musica Azul do Edson e Hudson? HAHAH'
2018-08-17 02:07:29,b'Esse app da @azulinhasaereas \xc3\xa9 muito lindo \xf0\x9f\x92\x99'
2018-08-17 01:36:38,b'Passageiros preferem casar do que tomarem @skol em v\xc3\xb4os da @azulinhasaereas. #DataFodaSe https://t.co/Tb0Jvswfdl'
2018-08-17 00:00:25,b'chateada que hoje a @azulinhasaereas me alimentou so de goiabinha acho que vou vomitar'
2018-08-16 23:07:46,b'@_vicandressa @azulinhasaereas cerveja kero'
2018-08-16 22:01:26,b'@boringGuto @nubank A @azulinhasaereas tamb\xc3\xa9m \xc3\xa9 mt boa'
2018-08-16 21:50:14,"b'@mariorpinho A @azulinhasaereas \xc3\xa9 a melhor, sem d\xc3\xbavidas. Adoro as jujubinhas e em happy hour ainda tem cerveja'"
2018-08-16 21:32:40,"b'@Breendavs1 @azulinhasaereas @LATAM_BRA @VoeGOLoficial @AviancaBrasil \xc3\x89 tudo bagun\xc3\xa7a, esse \xc3\xa9 nosso brasilzao.'"
2018-08-16 21:29:56,b'@R2Brenner @azulinhasaereas @LATAM_BRA @VoeGOLoficial @AviancaBrasil BIZARRO! J\xc3\xa1 j\xc3\xa1 o atendimento de comiss\xc3\xa1rios va\xe2\x80\xa6 https://t.co/ndT9by6bdw'
2018-08-16 21:28:30,b'@Breendavs1 @azulinhasaereas @LATAM_BRA @VoeGOLoficial @AviancaBrasil J\xc3\xa1 j\xc3\xa1 t\xc3\xa3o cobrando pelas m\xc3\xa1scaras de oxigenio\xe2\x80\xa6 https://t.co/VeTROiSOJb'
2018-08-16 21:26:07,b'@R2Brenner @azulinhasaereas @LATAM_BRA @VoeGOLoficial @AviancaBrasil Que absurdo!'
2018-08-16 21:25:07,"b'E ai, qual vai ser a companhia a\xc3\xa9rea que n\xc3\xa3o vai aderir a essa PALHA\xc3\x87ADA e vai come\xc3\xa7ar a facilitar a vida dos passa\xe2\x80\xa6 https://t.co/UTWL287cB5'"
2018-08-16 20:18:27,b'@azulinhasaereas Porque temos que colocar o celular no modo avi\xc3\xa3o ou (dependendo da aeronave) desligar todos os aparelhos eletr\xc3\xb4nicos?'
2018-08-16 20:02:50,"b'Palha\xc3\xa7ada \xc3\xa9 pouco o que a @azulinhasaereas fez com os passageiros hoje, meus pais t\xc3\xa3o indo pra Ilh\xc3\xa9us de \xc3\x94NIBUS, sa\xe2\x80\xa6 https://t.co/5yJsz5twmk'"
2018-08-16 20:01:26,"b'Uai @azulinhasaereas agora voc\xc3\xaa compra uma passagem pra chegar em 1h e meia no seu destino, com comodidade, te mand\xe2\x80\xa6 https://t.co/oIanFQz1va'"
2018-08-16 18:20:45,b'FAB TV - Moderniza\xc3\xa7\xc3\xa3o da Ind\xc3\xbastria Aeroespacial Brasileira.\n@AviacaoGovBr @DefesaGovBr @infraero @avioesemusicas\xe2\x80\xa6 https://t.co/jFSeAROlNb'
2018-08-16 18:15:08,"b'@azulinhasaereas Azulinhasareas estou tentando falar com vc e nada. Site n\xc3\xa3o entra, da erro \xf0\x9f\xa7\x90'"
2018-08-16 16:04:09,b'Ai a @azulinhasaereas lan\xc3\xa7a promo\xc3\xa7\xc3\xa3o de pontos em dobro com o @itau vc faz a transfer\xc3\xaancia e os pontos ficam no lim\xe2\x80\xa6 https://t.co/7WQgYtlSNy'
2018-08-16 15:54:28,"b'Definitivamente a @azulinhasaereas \xc3\xa9 a melhor a\xc3\xa9rea do momento, espa\xc3\xa7o, conforto, cordialidade e servi\xc3\xa7o de bordo.\xe2\x80\xa6 https://t.co/QNl2zGti5z'"
2018-08-16 15:44:57,"b'@azulinhasaereas Estou tentando efetuar uma compra, j\xc3\xa1 havia feito a pesquisa e selecionado as passagens e travou,\xe2\x80\xa6 https://t.co/FNIGHhxKsC'"
2018-08-16 15:41:14,"b'@azulinhasaereas Em nenhum momento que questionei a manuten\xc3\xa7\xc3\xa3o. Estou questionando a COMUNICA\xc3\x87\xc3\x83O! A Azul, de novo,\xe2\x80\xa6 https://t.co/UptCftgO2Z'"
2018-08-16 15:32:22,"b'Ainda bem que s\xc3\xb3 viajo de Azul, n\xc3\xa3o quero decep\xc3\xa7\xc3\xb5es @azulinhasaereas https://t.co/Z9g83k2uZ4'"
2018-08-16 15:23:02,b'@azulinhasaereas t\xc3\xa1 dificil ein https://t.co/MGuLBUTkXi'
2018-08-16 15:16:04,b'@azulinhasaereas Muito obrigada!'
2018-08-16 14:51:09,"b'@azulinhasaereas Vou dispachar uma case, de aproximadamente 5kg, como equipamento retido. No entanto, tenho uma out\xe2\x80\xa6 https://t.co/2Sw3Qh54iD'"
2018-08-16 14:48:03,"b'@azulinhasaereas , gostaria de solicitar cr\xc3\xa9ditos (voei United recentemente) em minha conta Tudo Azul.Qual o procedimento? Grata'"
2018-08-16 13:51:00,"b'Acabei de abrir uma revista aqui da Azul (N\xc2\xb063, Jul 2018) e eu vi um total de 5/6 pessoas negras na revista inteira\xe2\x80\xa6 https://t.co/i4g7Q00w4v'"
2018-08-16 13:48:04,"b'@azulinhasaereas Estou acompanhando h\xc3\xa1 1 m\xc3\xaas e at\xc3\xa9 hoje TODOS s\xc3\xa1bados est\xc3\xa3o com a tarifa de 290,00, exceto a data q\xe2\x80\xa6 https://t.co/6g5ojnPyX3'"
2018-08-16 13:41:59,"b'@azulinhasaereas S\xc3\xb3 n\xc3\xa3o vamos come\xc3\xa7ar a cobrar pelo assento, por favor.'"
2018-08-16 13:40:59,"b'@azulinhasaereas Entrei em contato com Chat, pra ter uma informa\xc3\xa7\xc3\xa3o sobre o despacho de bagagem, nminha pergunta n\xe2\x80\xa6 https://t.co/rg0jGPDaxA'"
2018-08-16 13:19:05,b'@azulinhasaereas \xc3\xa9 obrigado fazer o chech-um 72hrs antes?'
2018-08-16 13:11:00,b'Boa @azulinhasaereas ...Mais uma vez quebrando meu dia! V\xc3\xb4o era pra ter sa\xc3\xaddo as 9:25... Manuten\xc3\xa7\xc3\xa3o da aeronave atr\xe2\x80\xa6 https://t.co/xYUVjRlleA'
2018-08-16 12:53:18,b'Existe alguma companhia a\xc3\xa9ria que preste servi\xc3\xa7o de atendimento online PIOR do que a @azulinhasaereas ???? Fui faze\xe2\x80\xa6 https://t.co/EDelJ35UaW'
2018-08-16 12:49:02,"b'Acho absurdo uma companhia a\xc3\xa9rea triplicar o pre\xc3\xa7o de uma passagem aleatoriamente, arbitrariamente como a\xe2\x80\xa6 https://t.co/qvX9HN11da'"
2018-08-16 12:38:16,b'Ol\xc3\xa1 @azulinhasaereas gostaria de tirar uma d\xc3\xbavida. Todas as passagens de ida Aracaju - Jo\xc3\xa3o Pessoa aos s\xc3\xa1bados at\xc3\xa9\xe2\x80\xa6 https://t.co/dBsbJb3Sh2'
2018-08-16 12:01:28,b'Que maravilha de voo esse da @azulinhasaereas REC &gt; CWB direto! Obrigado por isso! \xf0\x9f\x91\x8f\xf0\x9f\x98\xac'
2018-08-16 05:00:38,"b'@jfgommes @azulinhasaereas Ae j\xc3\xa1 fui pra Salvador de carro, a melhor comida est\xc3\xa1 onde os caminhoneiros sempre param. Muito loco'"
2018-08-16 04:57:55,"b'@Ksccp11 @azulinhasaereas Provavelmente depois das 14hr. Chegar l\xc3\xa1 a noite, dormir, sexta ir cedo no Hospital e, se\xe2\x80\xa6 https://t.co/KrPlWV49PK'"
2018-08-16 04:51:25,"b'Obrigado @azulinhasaereas !  Gra\xc3\xa7as a essa facada de voc\xc3\xaas, vou de carro pra Salvador.'"
2018-08-16 02:51:13,b'a @azulinhasaereas quer me cobrar 15 reais adicionais (NO M\xc3\x8dNIMO!!!) pra eu escolher qual assento vou viajar dentre\xe2\x80\xa6 https://t.co/Use8xtaAC9'
2018-08-16 00:41:13,b'obrigado @azulinhasaereas por ter me apresentar @MichelMelamed e @canalbrasil ... quem diria?!'
2018-08-15 23:24:26,"b'@azulinhasaereas posso contactar com a administradora do cartao de credito, e parcelar em 5x iguais?'"
2018-08-15 23:23:57,"b'@nubank Sim, acho bem interessante, mas tendo uma parceria pra trocar pontos por milhas da @azulinhasaereas, ficaria ainda melhor.'"
2018-08-15 23:14:40,b'@azulinhasaereas @americanascom @familiaextra quando sai parceira de novo de 10 pontos a cada 1 real gasto?'
2018-08-15 23:13:18,b'@nubank quando sai parceria com a @azulinhasaereas para mandar os pontos do rewards pra l\xc3\xa1?'
2018-08-15 22:41:12,b'@azulinhasaereas Comprei 1 bilhete de ida e volta diretamente no seu site. N\xc3\xa3o encontrei uma maneira de registrar m\xe2\x80\xa6 https://t.co/TWDr5ZRGKD'
2018-08-15 22:39:21,"b'@azulinhasaereas @skol SINCERAMENTE, PROPAGANDA DE BAITOLAGEM PRA VOO?\n\nVOU DAR UMA NOVA PESQUISADA NAS PASSAGENS P\xe2\x80\xa6 https://t.co/Ay12Ms97cC'"
2018-08-15 21:31:50,"b'@azulinhasaereas , cad\xc3\xaa o \xc3\xb4nibus???'"
2018-08-15 21:23:51,b'@azulinhasaereas   O azul tem um n\xc3\xbamero gratuito no brasil? Toll free?'
2018-08-15 21:15:43,b'@tiagopereira805 @azulinhasaereas Isso obg ajuda a\xc3\xad'
2018-08-15 21:15:14,b'@Karine_Duarte1 @azulinhasaereas  da uma for\xc3\xa7a a\xc3\xad'
2018-08-15 21:10:05,b'#DiadosSolteiros A @skol junto com @Tinder realiza a\xc3\xa7\xc3\xa3o para dar \xe2\x80\x98match\xe2\x80\x99 em 11 voos da @azulinhasaereas em v\xc3\xa1rios d\xe2\x80\xa6 https://t.co/FbfvGYPfpX'
2018-08-15 21:00:40,"b'@caixa tentei transferir meus pontos do cart\xc3\xa3o de cr\xc3\xa9dito para o programa da @azulinhasaereas e n\xc3\xa3o consegui, ser\xc3\xa1 que poderia me ajudar?'"
2018-08-15 20:18:07,b'A @skol se juntou com o @Tinder para celebrar Dia dos Solteiros em voos da @azulinhasaereas para 11 destinos em a\xc3\xa7\xc3\xa3\xe2\x80\xa6 https://t.co/IPPQUg0Gnl'
2018-08-15 18:23:24,"b'@azulinhasaereas E tem cia a\xc3\xa9rea que chamava a cadeira do meio de ""famigerada"", mas hoje nas novas aeronaves rsrs..\xe2\x80\xa6 https://t.co/BJ48Hgg8FC'"
2018-08-15 18:21:32,b'@azulinhasaereas @azulinhasaereas Quem fica no centro n\xc3\xa3o est\xc3\xa1 na Azul! rs'
2018-08-15 17:55:20,b'@azulinhasaereas De Azul at\xc3\xa9 em p\xc3\xa9 \xc3\xa9 bom.'
2018-08-15 17:42:05,"b'Se voar com a nossa associada @azulinhasaereas, pode dar Match! \xf0\x9f\x98\x8d https://t.co/EZnWlIlFb2 https://t.co/cArjrn1xtL'"
2018-08-15 17:09:18,"b'@fnando @Easynvest A @azulinhasaereas tem/tinha um problema na pagina de dados pessoais, n\xc3\xa3o deixa atualizar o ende\xe2\x80\xa6 https://t.co/gO8kLh0fBy'"
2018-08-15 16:13:58,b'E o melhor toda vez que algu\xc3\xa9m atende e n\xc3\xa3o resolve o problema tamb\xc3\xa9m de forma misteriosa n\xc3\xa3o \xc3\xa9 direcionado o final\xe2\x80\xa6 https://t.co/lZcZStLuxr'
2018-08-15 16:05:41,b'@azulinhasaereas ajuda nois'
2018-08-15 15:55:28,"b'Pqp @azulinhasaereas a 5 dias tentando resolver um problema \xc3\xa9 ningu\xc3\xa9m consegue faze lo, ap\xc3\xb3s 45 minutos de liga\xc3\xa7\xc3\xa3o\xe2\x80\xa6 https://t.co/iLIMCVm6HQ'"
2018-08-15 15:53:34,"b'@mottamarcos @LATAM_BRA A melhor que na minha opini\xc3\xa3o \xc3\xa9 a @azulinhasaereas mas que, atualmente, no trecho Porto Ale\xe2\x80\xa6 https://t.co/PZgHJ5zxwE'"
2018-08-15 15:46:57,b'@azulinhasaereas Eu gosto de escolher o assento sem ter que pagar \xf0\x9f\x99\x84'
2018-08-15 15:02:16,b'\xc3\x94 @azulinhasaereas necessita-se de um voo PVH x BVH urgentemente. \xc3\x89 ruim n\xc3\xa3o ter nenhum voo ligando a capital ao in\xe2\x80\xa6 https://t.co/qy1DZe7DH3'
2018-08-15 14:57:00,"b'@azulinhasaereas Eu gostaria de usar meus pontos, mas t\xc3\xa1 dif\xc3\xadcil com esses pre\xc3\xa7os de viagem internacional'"
2018-08-15 14:53:29,b'@azulinhasaereas E fugimos do assento no meio'
2018-08-15 14:42:39,"b'@azulinhasaereas chocada com uma tarifa que eu estava pesquisando \xc3\xa0s 16h e, quando fui fechar a compra \xc3\xa0s 17h, tinha subido 50%!'"
2018-08-15 14:40:59,b'@azulinhasaereas Mas ningu\xc3\xa9m gosta de pagar pra dar opini\xc3\xa3o.'
2018-08-15 14:37:26,b'Meu sonho de princesa \xc3\xa9 ligar na @azulinhasaereas e n\xc3\xa3o desistir por passar tanto tempo ouvindo rob\xc3\xb4+m\xc3\xbasica'
2018-08-15 14:30:22,b'@azulinhasaereas Ol\xc3\xa1 Azul. N\xc3\xa3o entendo como a maioria dos voos dom\xc3\xa9sticos saindo de Viracopos \xc3\xa9 necess\xc3\xa1rio ir de \xc3\xb4n\xe2\x80\xa6 https://t.co/VvTI3KtUNC'
2018-08-15 13:48:13,b'@azulinhasaereas Mas todos concordam que estar no meio \xc3\xa9 uma bosta'
2018-08-15 13:44:32,b'@azulinhasaereas Sou da janela! \xf0\x9f\x98\x8d'
2018-08-15 13:37:18,b'@azulinhasaereas Tentei fazer check-in mas n\xc3\xa3o foi poss\xc3\xadvel porque s\xc3\xb3 estavam dispon\xc3\xadveis assentos pagos. Quem n\xc3\xa3o\xe2\x80\xa6 https://t.co/1chUyE3eR9'
2018-08-15 13:37:16,b'@azulinhasaereas Se for no Embraer 190/195 janela .\nA320 Corredor'
2018-08-15 13:35:19,"b'@azulinhasaereas S\xc3\xb3 que opini\xc3\xa3o \xc3\xa9 de gra\xc3\xa7a. Marcar o assento, por outro lado, ....'"
2018-08-15 13:15:02,"b'@azulinhasaereas Ol\xc3\xa0, eu tentei fazer uma reserva standby. Tem voos disponibeis BUE-FOR? Obrigado https://t.co/W8geeGSTj1'"
2018-08-15 12:20:30,b'Ei @azulinhasaereas nosso centroavante est\xc3\xa1 sendo bem tratado?'
2018-08-15 12:01:31,"b'todo dia a mesma brenda triste com o pre\xc3\xa7o das passagens, @azulinhasaereas me patrocina'"
2018-08-15 11:50:05,"b'@azulinhasaereas \nFiz uma viagem de Vit\xc3\xb3ria a Goi\xc3\xa2nia, com trecho Vix/Palmas e (volta) Palmas/Vix.\nPor n\xc3\xa3o ter canc\xe2\x80\xa6 https://t.co/cOYIESq5BJ'"
2018-08-15 10:04:00,b'O lanchinho da @azulinhasaereas pisa demais no da @AviancaBrasil hehehe'
2018-08-15 09:34:06,"b'@azulinhasaereas a\xc3\xad ligo no 40031118 pra ouvir da atendente que a base de BRS abre 10:45, ela n\xc3\xa3o tem nenhum contat\xe2\x80\xa6 https://t.co/4H6rrBxFJT'"
2018-08-15 09:23:23,b'@azulinhasaereas algum 0800 pra ligar?? porque o numero que nos passaram n\xc3\xa3o atendem ... e a bagagem ainda est\xc3\xa1 DESAPARECIDA'
2018-08-15 09:17:03,b'@azulinhasaereas e n\xc3\xa3o atendem nem o telefone para dar satisfa\xc3\xa7\xc3\xa3o.... uns 15 clientes extremamentes prejudicados e\xe2\x80\xa6 https://t.co/knG737fIK8'
2018-08-15 09:15:53,"b'@azulinhasaereas irrespons\xc3\xa1veis, descomprometimento total da empresa com o cliente ... colocam avi\xc3\xb5es que n\xc3\xa3o compo\xe2\x80\xa6 https://t.co/fMUGURqRl2'"
2018-08-15 09:14:35,b'@azulinhasaereas um absurdo chegar em Barreiras/BA e ap\xc3\xb3s 40 min ser avisado que a mala n\xc3\xa3o veio ... avisei que sai\xe2\x80\xa6 https://t.co/u0zgROY498'
2018-08-15 09:02:16,b'@azulinhasaereas que feio a quantidade de erros gramaticais nos an\xc3\xbancios da #radioazulviagens \nComo comunicadores t\xe2\x80\xa6 https://t.co/yx6NQCeozd'
2018-08-15 03:12:14,b'algu\xc3\xa9m financia @passagens pra sp pra mim @LATAMAirlines @LATAM_BRA @azulinhasaereas https://t.co/gi8SWW5s3O'
2018-08-15 02:39:22,"b'@azulinhasaereas Boa noite! comprei uma passagem com vcs, mas infelizmente a opcao de parcelar passou despercebida\xe2\x80\xa6 https://t.co/6eOvcg24eC'"
2018-08-15 00:35:10,b'@azulinhasaereas Cobrar taxa de conveni\xc3\xaancia para comprar passagens online e taxa de marca\xc3\xa7\xc3\xa3o de assento antecipado\xe2\x80\xa6 https://t.co/vE69Cjkqz8'
2018-08-15 00:18:24,"b'Parab\xc3\xa9ns @azulinhasaereas, 3a ocorr\xc3\xaancia aberta, pagamento duplicado com comprovantes e nada resolvido. Se vcs  ide\xe2\x80\xa6 https://t.co/K80p5DUJiT'"
2018-08-14 18:57:15,"b'@azulinhasaereas Quero trocar uma passagem, mas o pre\xc3\xa7o para a troca esta absurdamente alto! #Vergonha #pre\xc3\xa7oabusivo #azullinhasaereas'"
2018-08-14 18:37:45,b'@azulinhasaereas Muito obrigada! Tentarei novamente amanh\xc3\xa3!'
2018-08-14 18:25:37,"b'olha, adoro a @azulinhasaereas para voos nacionais, mas para os internacionais \xc3\xa9 uma porcaria. Voo longo, chato, ap\xe2\x80\xa6 https://t.co/YpTyyjEOMz'"
2018-08-14 18:21:14,b'In love com o A320neo da @azulinhasaereas  \xf0\x9f\x92\x99\xf0\x9f\x92\x99 .. s\xc3\xb3 falta o multim\xc3\xaddia funcionar'
2018-08-14 17:53:43,b'O ca\xc3\xa7ador de tarifas da @azulinhasaereas n\xc3\xa3o t\xc3\xa1 funcionando pq hoje a tarifa tava \xc3\xb3tima e nem fui notificada! Ainda\xe2\x80\xa6 https://t.co/YmiAi96a3k'
2018-08-14 17:35:19,b'Voltando ao twitter para reclamar? Sim. @azulinhasaereas como assim n\xc3\xa3o posso fazer checkin 3 dias antes do voo sem\xe2\x80\xa6 https://t.co/WsSrO2azoP'
2018-08-14 17:19:36,"b'@azulinhasaereas Por curiosidade, isso est\xc3\xa1 correto por lei?!'"
2018-08-14 17:17:25,b'@LATAM_BRA @VoeGOLoficial @azulinhasaereas  cad\xc3\xaa as promos pra novembro????? Necessitada!!!!'
2018-08-14 17:16:13,"b'@azulinhasaereas Eu gostava tanto de vcs. Mas j\xc3\xa1 n\xc3\xa3o bastasse o pre\xc3\xa7o por mala, o espa\xc3\xa7o azul que se paga por um ""c\xe2\x80\xa6 https://t.co/bSvpGNltY9'"
2018-08-14 17:05:50,b'Mais voos das nossas associadas! \xe2\x9c\x88\xef\xb8\x8f\xe2\x9c\x88\xef\xb8\x8f\nA ANAC alocou \xc3\xa0 @LATAM_BRA dois voos semanais entre o Brasil e a \xc3\x81frica do Su\xe2\x80\xa6 https://t.co/QdSavHOgxv'
2018-08-14 16:56:06,b'Teus astros cintilam no c\xc3\xa9u sempre Azul.. cc @azulinhasaereas https://t.co/4sjOHjDM9W'
2018-08-14 16:14:02,"b'@RevistaColorada Podia vir no voo da @LATAM_BRA , s\xc3\xb3 acho!! Nada contra a empresa @azulinhasaereas que \xc3\xa9 top, mas n\xc3\xa9.'"
2018-08-14 16:01:31,b'@abiliomurce @exame @azulinhasaereas J\xc3\xa1 tem voo da Azul de Bh pra Orlando h\xc3\xa1 muito tempo... vc ta boiando'
2018-08-14 15:15:13,b'@marcelotoledo23 @kabumcombr @azulinhasaereas @GFalleNoficial Pr\xc3\xb3xima aquisi\xc3\xa7\xc3\xa3o vai ser o lobo https://t.co/ul5870dRys'
2018-08-14 15:06:24,b'@MagcsV @kabumcombr @azulinhasaereas @GFalleNoficial Bora vitor depois posta uma foto do setup pra gente ver obrigado man!'
2018-08-14 14:52:36,"b'@azulinhasaereas Muito bom, por sinal. Obrigado \xe2\x99\xa5\xef\xb8\x8f\xe2\x98\x95\xef\xb8\x8f\xe2\x99\xa5\xef\xb8\x8f'"
2018-08-14 14:39:50,b'@exame @azulinhasaereas uai... possuem aeronaves com autonomia para chegar nos EUA? Ou v\xc3\xa3o pipocando de pa\xc3\xads em pa\xc3\xad\xe2\x80\xa6 https://t.co/RqW2ygv04p'
2018-08-14 12:58:32,b'@azulinhasaereas Quase uma Selfie... BSB! https://t.co/EjVRU3UvC8'
2018-08-14 12:27:19,b'@duducaralho @ciropaiva_ @LATAM_BRA @azulinhasaereas @VoeGOLoficial Esperando os mimos'
2018-08-14 12:26:30,b'@lucaasaq @ciropaiva_ @LATAM_BRA @azulinhasaereas @VoeGOLoficial patrocina nois'
2018-08-14 11:49:05,"b'@azulinhasaereas embarque em Recife sempre ca\xc3\xb3tico... n\xc3\xa3o h\xc3\xa1 respeito ao embarque que tem prefer\xc3\xaancia comercial, ne\xe2\x80\xa6 https://t.co/xJwmHhxt23'"
2018-08-14 11:31:06,"b'@titahel @azulinhasaereas Nossa, que horr\xc3\xadvel!'"
2018-08-14 11:29:55,"b'@eufefeu @azulinhasaereas Nos voos dom\xc3\xa9sticos n\xc3\xa3o tenho o que reclamar, mas no voo que fiz Paris/Campinas, foi p\xc3\xa9ss\xe2\x80\xa6 https://t.co/IjHDDxoK7T'"
2018-08-14 11:27:29,b'@titahel @azulinhasaereas S\xc3\xa9rio? Sempre ouvi falar muito bem'
2018-08-14 11:25:42,b'@azulinhasaereas acho que rolou um errinho aqui hein \xf0\x9f\xa4\x94\xf0\x9f\x98\x85 https://t.co/UmRpc6KbVK'
2018-08-14 11:08:23,"b'Acabei de preencher a pesquisa de satisfa\xc3\xa7\xc3\xa3o da @azulinhasaereas do voo Paris/Rio, e a nota foi um ZERO bem grande.\xe2\x80\xa6 https://t.co/ykQ3h01bOC'"
2018-08-14 10:54:09,b'Vcs serve caf\xc3\xa9 nos voo dessa hora @azulinhasaereas?'
2018-08-14 07:24:55,"b'@azulinhasaereas rid\xc3\xadculo, empresa amadora.'"
2018-08-14 04:16:49,b'@azulinhasaereas A EMPRESA COM OS PRE\xc3\x87OS MAIS ALTOS DO MERCADO VAI QUEBRAR ! BURROS N\xc3\x83O MERECEM PERMANECER NO MERCA\xe2\x80\xa6 https://t.co/ohuJDztVBe'
2018-08-14 03:02:56,"b'N\xc3\xa3o ligo n\xc3\xa3o ter lanche ou n\xc3\xa3o poder marcar assento. Mas, pagar SESSENTA REAIS de despacho de bagagem \xc3\xa9 um insulto.\xe2\x80\xa6 https://t.co/kJYipGVxVI'"
2018-08-14 02:20:24,b'@sabriinacr Mandem a @azulinhasaereas me dar passagens'
2018-08-14 01:11:30,b'O atendimento da @azulinhasaereas \xc3\xa9 P\xc3\x89SSIMO!!!!'
2018-08-14 01:00:12,"b'o site da @azulinhasaereas \xc3\xa9 MUITO RUIM pra quem \xc3\xa9 tudo azul: pra logar d\xc3\xa1 erro, pra comprar com os pontos d\xc3\xa1 erro, toda hora d\xc3\xa1 erro!'"
2018-08-14 00:57:50,b'@sauriane_ Al\xc3\xb4 @VoeGOLoficial @LATAM_BRA @azulinhasaereas arrumem uma vaga pra minha camarada'
2018-08-14 00:57:43,"b'Atendimento da @azulinhasaereas foi \xc3\xb3timo, resolvi meu problema rapid\xc3\xa3o!'"
2018-08-13 21:42:41,"b'@azulinhasaereas oi, o app est\xc3\xa1 com problemas mesmo pra marcar assentos ou \xc3\xa9 s\xc3\xb3 o meu? https://t.co/GXIeEjQNOy'"
2018-08-13 21:34:45,b'Valeu @kabumcombr @azulinhasaereas pela entrega rapid\xc3\xadssima e @GFalleNoficial pelo \xc3\xb3timo produto https://t.co/Z1xG5F54PZ'
2018-08-13 21:25:39,"b'@AviancaBrasil J\xc3\xa1 me avisaram que n\xc3\xa3o podem fazer nada... Pedi o estorno, vou ter que ir de @azulinhasaereas... Pel\xe2\x80\xa6 https://t.co/yvtM754ryX'"
2018-08-13 21:21:39,b'Na @azulinhasaereas curtindo o #Masters1000Cincinatti no @SporTV . Excelente! ! \xf0\x9f\x91\x8d\xf0\x9f\x91\x8f https://t.co/rVpT7BgHTO'
2018-08-13 20:53:32,b'@azulinhasaereas Consigo fazer pelo app?'
2018-08-13 20:36:55,b'Falcatrua de parceria esta da @azulinhasaereas com @SigaZattini e @sigaNetshoes . Lan\xc3\xa7am toda hora campanhas de mto\xe2\x80\xa6 https://t.co/9o3ubSd2zq'
2018-08-13 20:36:08,b'Nem um telefonema por parte desta companhia @azulinhasaereas eu recebi em face dos problemas que tive no voo Estado\xe2\x80\xa6 https://t.co/qqJAltjkWl'
2018-08-13 20:32:21,b'@azulinhasaereas Gostaria de manifestar minha indigna\xc3\xa7\xc3\xa3o com rela\xc3\xa7\xc3\xa3o ao descaso desta Companhia a\xc3\xa9rea com seus pass\xe2\x80\xa6 https://t.co/MFKHvOsqjf'
2018-08-13 20:25:25,"b'Oi @azulinhasaereas, onde que consigo comprar a franquia de bagagem? Tenho um voo na quarta-feira'"
2018-08-13 19:41:37,b'@breeequi @azulinhasaereas amigo realmente unica companhia possivel'
2018-08-13 19:35:49,b'@azulinhasaereas Preciso falar com vcs mas ningu\xc3\xa9m atende telefone. Preciso de uma informa\xc3\xa7\xc3\xa3o se posso levar cadeir\xe2\x80\xa6 https://t.co/z2uJPc0yF1'
2018-08-13 18:55:04,b'@azulinhasaereas Hoje foi totalmente desrespeitado pela incompet\xc3\xaancia do servi\xc3\xa7o de voc\xc3\xaas. Voc\xc3\xaas conseguiram fazer\xe2\x80\xa6 https://t.co/WMn0roplTy'
2018-08-13 18:48:10,b'@spookerlabs @azulinhasaereas Exatamente @spookerlabs.  Tamb\xc3\xa9m perdi minha conex\xc3\xa3o por incompet\xc3\xaancia da\xe2\x80\xa6 https://t.co/2rfLgr6UFP'
2018-08-13 18:43:01,b'Outra parte bizarra da @azulinhasaereas \xc3\xa9 terem despachado a mala sem o passageiro ter ido( n\xc3\xa3o a minha mas do\xe2\x80\xa6 https://t.co/DjZYoflJF3'
2018-08-13 18:39:59,b'@breeequi @azulinhasaereas fatozou'
2018-08-13 18:39:30,b'a @azulinhasaereas eh a melhor companhia e nd mais importa se n a minha opini\xc3\xa3o'
2018-08-13 18:16:21,"b'@azulinhasaereas os funcion\xc3\xa1rios mais despreparado do mundo, fazem voc\xc3\xaa ficar 2 horas na fila e ainda faz voc\xc3\xaa perder o v\xc3\xb4o de conex\xc3\xa3o.'"
2018-08-13 18:09:17,"b'@azulinhasaereas Infelizmente por l\xc3\xa1, me foram dadas informa\xc3\xa7\xc3\xb5es gen\xc3\xa9ricas sobre bagagem. Preciso adicionar uma bagagem \xc3\xa0 minha viagem.'"
2018-08-13 18:05:53,b'A @azulinhasaereas t\xc3\xa1 me fazendo perder a paci\xc3\xaancia que n\xc3\xa3o consigo falar e nem resolver meu problema.'
2018-08-13 17:54:05,"b'@azulinhasaereas Expirou sim, eu t\xc3\xb4 triste demais https://t.co/wd6O31twNs'"
2018-08-13 17:48:38,"b'@azulinhasaereas J\xc3\xa1 consegui, obrigada'"
2018-08-13 17:43:24,b'@VoeGOLatende E a\xc3\xad @azulinhasaereas a @VoeGOLoficial apagou o meu Tweet. Pode isso? Mas eu tinha o print e est\xc3\xa1 a\xc3\xad:\xe2\x80\xa6 https://t.co/wQT0Jllh2D'
2018-08-13 17:23:58,b'Amanh\xc3\xa3 \xc3\xa9 dia de @azulinhasaereas \xe2\x9d\xa4\xef\xb8\x8f\xe2\x9d\xa4\xef\xb8\x8f https://t.co/dRmZiJ2DpD'
2018-08-13 17:11:35,"b'O @azulinhasaereas , vamo aliviar o pre\xc3\xa7o da passagem para Salvador a\xc3\xad, n\xc3\xa9 non?\nS\xc3\xb3 na facada, mano.'"
2018-08-13 16:44:14,b'Isso que antes eu era obrigado a comprar a ida de @azulinhasaereas e a volta de @VoeGOLoficial para conseguir passa\xe2\x80\xa6 https://t.co/SwcBoxpd6J'
2018-08-13 16:44:13,"b'N\xc3\xa3o sei o que \xc3\xa9 pior, depender apenas da @azulinhasaereas para voar IGU-CWB, j\xc3\xa1 que a @LATAM_BRA n\xc3\xa3o tem voo direto\xe2\x80\xa6 https://t.co/T8x3rWV9ST'"
2018-08-13 16:33:02,b'@marcela_nog @azulinhasaereas to chocada com o valor da taxa \xf0\x9f\x98\xb1'
2018-08-13 16:29:29,"b'@azulinhasaereas Tenho uma d\xc3\xbavida. Voc\xc3\xaas tem parceria com a World Tracer para rastrear as bagagens? Se sim, qual o\xe2\x80\xa6 https://t.co/huPLZaj6yq'"
2018-08-13 15:39:14,"b'Come\xc3\xa7aram a cobrar a taxa da bagagem prometendo a diminui\xc3\xa7\xc3\xa3o no valor das passagens, e com mais de um ano da mudan\xc3\xa7\xe2\x80\xa6 https://t.co/rwfIEvN3W2'"
2018-08-13 15:22:11,b'@azulinhasaereas Acabei fechando pelo telefone mas perdi a promo\xc3\xa7\xc3\xa3o. :('
2018-08-13 15:11:23,b'@azulinhasaereas  \xc3\xa9 poss\xc3\xadvel comprar passagem a\xc3\xa9rea no boleto? Como emito uma segunda via?'
2018-08-13 15:10:41,"b'Ningu\xc3\xa9m aguenta essas passagens caras, taxas caras e ainda tem que pagar a bagagem \xf0\x9f\xa4\xa6\xf0\x9f\xa4\xa6\xf0\x9f\xa4\xa6\n@VoeGOLoficial @LATAM_BRA @azulinhasaereas'"
2018-08-13 14:44:10,b'@azulinhasaereas \xc3\xa9 imposs\xc3\xadvel falar com vcs!! Nem telefone nem atendimento virtual nem FB'
2018-08-13 14:28:56,"b'@azulinhasaereas \xc3\xa9 assim q seu time de atendimento resolve os problemas dos clientes?\nRedireciona para outro canal,\xe2\x80\xa6 https://t.co/3m86jPxxMj'"
2018-08-13 14:25:16,"b'@azulinhasaereas me de um desconto na antecipa\xc3\xa7\xc3\xa3o do v\xc3\xb4o, pfv. Quero voltar pra casa =)'"
2018-08-13 14:13:04,"b'@azulinhasaereas cria portal para consultoria de viagens\n\nO portal traz informa\xc3\xa7\xc3\xb5es para antes, durante e depois da\xe2\x80\xa6 https://t.co/2XGVdPrKfv'"
2018-08-13 13:59:11,b'Falta de respeito da @azulinhasaereas com os passageiros no terminal 3 para conex\xc3\xb5es dom\xc3\xa9sticas em GRU. V\xc3\xa1rios voos\xe2\x80\xa6 https://t.co/7RTyvHeCGm'
2018-08-13 13:48:17,b'@azulinhasaereas Mais de 2 mil reais uma passagem de Governador Valadares para Belo Horizonte? O avi\xc3\xa3o vai ser s\xc3\xb3 p\xe2\x80\xa6 https://t.co/jMu4l6Yncc'
2018-08-13 13:47:28,"b'@azulinhasaereas precisa melhorar o atendimento do time de solo da Campinas e Confins, \xc3\xa9 dif\xc3\xadcil conseguir informa\xc3\xa7\xe2\x80\xa6 https://t.co/eIkRycAC5f'"
2018-08-13 13:09:53,b'@azulinhasaereas Bom dia! Bras\xc3\xadlia - Passo Fundo. Uma garrafa de whiskie'
2018-08-13 12:56:46,"b'@azulinhasaereas Ajuda a poc, preciso ir para Campinas encontrar o crush e sofrer outra decep\xc3\xa7\xc3\xa3o amorosa'"
2018-08-13 12:55:52,b'@azulinhasaereas O pagamento da minha reserva n\xc3\xa3o foi aprovado pelo banco e agora t\xc3\xa1 bem mais caro \xf0\x9f\x98\x9f n\xc3\xa3o tem como estender esse prazo?'
2018-08-13 12:50:19,b'@azulinhasaereas estou tendo problemas para fazer check-in no voo que farei AMANH\xc3\x83. Ningu\xc3\xa9m atende no telefone de v\xe2\x80\xa6 https://t.co/KELduZzbAw'
2018-08-13 12:36:01,"b'@azulinhasaereas Oi, gente. Eu t\xc3\xb4 com um problema no meu perfil do TudoAzul e gostaria de saber se voc\xc3\xaas podem me ajudar.'"
2018-08-13 12:34:55,"b'@azulinhasaereas XBDE5P , voo 8762, por gentileza, meu voo de volta e na quarta feira e seria uma tristeza nao ter\xe2\x80\xa6 https://t.co/vUBmzMa6p1'"
2018-08-13 12:30:06,b'@eaekruger @azulinhasaereas #ReclameAqui @ReclameAQUI E boa sorte'
2018-08-13 12:11:52,b'@azulinhasaereas Azul vai operar voo direto entre Campo Grande e Foz do Igua\xc3\xa7u https://t.co/zDcFuIqiPG'
2018-08-13 12:11:27,b'Depois de muitos voos encontrei um excelente servi\xc3\xa7o de bordo!! Obrigada @azulinhasaereas https://t.co/2VJpze2qgG'
2018-08-13 12:04:18,"b'Vai tomar no cu essas cia aereas que so querem arrancar dinheiro da gente! Primeiro cobram bagagem, depois assento\xe2\x80\xa6 https://t.co/abbRXYgcKL'"
2018-08-13 12:00:27,b'Hey @azulinhasaereas n\xc3\xa3o consigo fazer meu check-in no App! Podem ajudar?'
2018-08-13 11:16:58,b'@azulinhasaereas Tamb\xc3\xa9m n\xc3\xa3o posso expor aqui todo o extrato da minha conta para provar algo que voc\xc3\xaas ja deveriam t\xe2\x80\xa6 https://t.co/AvFBlgIMpV'
2018-08-13 11:15:06,b'@azulinhasaereas Oie! O valor n\xc3\xa3o estornou para a conta. J\xc3\xa1 verifiquei mil vezes. O que acontece \xc3\xa9 que meu voo \xc3\xa9 HO\xe2\x80\xa6 https://t.co/sWg68iKtpz'
2018-08-13 01:30:19,b'Acabei de responder o e-mail noreply da @azulinhasaereas num ato de desespero espero que chegue na caixa de entrada de algum anjo'
2018-08-13 01:17:24,"b'@azulinhasaereas  por favor, qual o prazo que tenho para desistir de uma compra de passagem?\n As vezes compramos, n\xe2\x80\xa6 https://t.co/fSQJ4uXc3L'"
2018-08-13 01:08:49,b'ora ora @azulinhasaereas fazendo cosplay de @LATAM_BRA era s\xc3\xb3 q me faltav@ msm'
2018-08-13 00:28:19,b'@azulinhasaereas Vou contar a hist\xc3\xb3ria de decep\xc3\xa7\xc3\xa3o do dia dos pais com a Azul linhas a\xc3\xa9reas..'
2018-08-13 00:00:37,b'@azulinhasaereas me tirem uma d\xc3\xbavida por favor. Bebida alco\xc3\xb3lica lavrada pode ser transportada na bagagem de m\xc3\xa3o?'
2018-08-12 23:28:37,b'@caiocgomes @azulinhasaereas Conseguiiii! Obrigada pela for\xc3\xa7a!'
2018-08-12 22:26:37,b'Eu profetizo que minha pr\xc3\xb3xima viagem vai ser com a @azulinhasaereas'
2018-08-12 20:56:56,"b'@CaioBellandi @VoeGOLoficial Quando puder, opte pela @azulinhasaereas .'"
2018-08-12 20:56:27,"b'@CaioBellandi @VoeGOLoficial Nunca tive problemas com a @VoeGOLoficial, mas tb sempre ofereceram um servi\xc3\xa7o no limi\xe2\x80\xa6 https://t.co/3axYLTgIjb'"
2018-08-12 20:19:51,b'@carolinamunhoz @azulinhasaereas Conseguiu?'
2018-08-12 17:56:09,b'Avi\xc3\xa3o da @azulinhasaereas saindo de Recife chegando em Mossor\xc3\xb3 agora gra\xc3\xa7as a deus empresa \xc3\xa9 segura'
2018-08-12 17:46:14,"b'@azulinhasaereas voltei a andar de Azul hoje, depois de um longo tempo... \n\nDa\xc3\xad: ar condicionado terrestre inoperan\xe2\x80\xa6 https://t.co/blM7RlBV7y'"
2018-08-12 16:52:11,b'Com certeza. Vou de @azulinhasaereas https://t.co/TkE8ibbo7K'
2018-08-12 13:13:50,"b'@carolinamunhoz @caiocgomes @azulinhasaereas Vai atr\xc3\xa1s do extrato pra j\xc3\xa1 ter \xc3\xa0 m\xc3\xa3o quando conseguir contato, e apro\xe2\x80\xa6 https://t.co/akjB3od4tI'"
2018-08-12 12:56:13,b'Queria estar em ksa com meu papis mas gra\xc3\xa7as a @azulinhasaereas eu n\xc3\xa3o consegui adiar meu voo e aki estou eu em SB'
2018-08-12 12:10:13,b'@azulinhasaereas Enviado. Aguardo satisfa\xc3\xa7\xc3\xa3o do ocorrido!'
2018-08-12 12:06:09,"b'@carolinamunhoz @azulinhasaereas Que horas \xc3\xa9 o voo? Vou falar com um colega da@azul, mas \xc3\xa9 cedo no Brasil'"
2018-08-12 12:05:30,"b'@caiocgomes @azulinhasaereas N\xc3\xa3o! Pior que est\xc3\xa1 mega tarde aqui e tenho medo de dormir, pois est\xc3\xa3o falando que canc\xe2\x80\xa6 https://t.co/L2CtzqgGH2'"
2018-08-12 12:02:21,b'@carolinamunhoz @azulinhasaereas Conseguiu resposta?'
2018-08-12 12:00:58,b'@caiocgomes @azulinhasaereas obrigada pela ajuda!!! =)'
2018-08-12 11:59:41,"b'Respondam ela, @azulinhasaereas https://t.co/SJSyMDNp4m'"
2018-08-12 11:53:36,b'@azulinhasaereas DM urgente! Passagem comprada que diz estar pendente!'
2018-08-12 11:40:55,"b'@azulinhasaereas Sensacional. Que linda homenagem, que bela hist\xc3\xb3ria. Parab\xc3\xa9ns @azulinhasaereas.'"
2018-08-12 07:47:35,"b'Esse app novo da @VoeGOLoficial t\xc3\xa1 horr\xc3\xadvel, lento e dif\xc3\xadcil login agora diz que n\xc3\xa3o h\xc3\xa1 passagens de recife para Fe\xe2\x80\xa6 https://t.co/p1GfZeouig'"
2018-08-12 01:06:05,b'@azulinhasaereas #decepcionado de ter que pagar mais que o dobro do valor de uma passagem pra poder viajar com minh\xe2\x80\xa6 https://t.co/2pd4tpdhkq'
2018-08-12 00:24:19,b'Vamos ficar na cama olhando pro nada pensando em tudo @azulinhasaereas https://t.co/REnj4zx7F2'
2018-08-11 22:22:47,b'@azulinhasaereas vamo abaixar o pre\xc3\xa7o da passagem pra bh-sp em outubro vamo..'
2018-08-11 21:23:00,"b'@VoeGOLatende T\xc3\xa1 de brincadeira, n\xc3\xa9? Reagiu \xc3\xa0s 18hs?! Por isso que s\xc3\xb3 fa\xc3\xa7o voos pessoais na @azulinhasaereas que \xc3\xa9\xe2\x80\xa6 https://t.co/OSKP6Fgrok'"
2018-08-11 18:22:17,b'@azulinhasaereas Est\xc3\xa1 aqui feito pelo safety pay https://t.co/xEP07E4YbF'
2018-08-11 17:57:13,b'@azevedorafaell to no aguardo da minha passagem pra paris est\xc3\xa3o ouvindo @AviancaBrasil @VoeGOLoficial @azulinhasaereas'
2018-08-11 17:54:46,b'@azulinhasaereas muito mais eficiente \xf0\x9f\x92\x99'
2018-08-11 17:23:23,b'@azulinhasaereas qual a diferen\xc3\xa7a pra vcs levat uma bagagem de m\xc3\xa3o de 9kg em cima ou no compartimento de bagagens?\xe2\x80\xa6 https://t.co/CGdNNIcfTa'
2018-08-11 17:22:18,b'@azulinhasaereas Super concordo!!!'
2018-08-11 15:33:51,b'@azulinhasaereas foi a melhor cia a\xc3\xa9rea que viajei em voo dom\xc3\xa9stico. Parab\xc3\xa9ns! Empresa que se importa de verdade co\xe2\x80\xa6 https://t.co/HESJFjqiZp'
2018-08-11 14:56:11,b'Nenhum funcion\xc3\xa1rio da @azulinhasaereas no aeroporto de Lisboa para me ajudar. Pior \xc3\xa9 o atendimento do chat que n\xc3\xa3o\xe2\x80\xa6 https://t.co/LgEj2yKjNl'
2018-08-11 14:54:03,b'Depois da @vueling atrasar um voo e me fazer perder a conex\xc3\xa3o que iria fazer eu pegar meu voo de volta para o Brasi\xe2\x80\xa6 https://t.co/yy1Oujjyqm'
2018-08-11 14:06:55,b'Os prefeitos de diversas cidades do Brasil se reuniram com o presidente-executivo da Azul para discutir a\xc3\xa7\xc3\xb5es que e\xe2\x80\xa6 https://t.co/1eiM7C00df'
2018-08-11 13:33:06,b'Quanto mais eu viajo de @LATAM_BRA mais eu tenho certeza que a @azulinhasaereas \xc3\xa9 disparada a melhor.'
2018-08-11 12:45:44,"b'Oi @azulinhasaereas para mudar o hor\xc3\xa1rio do seu voo ser\xc3\xa1 cobrado um valor de R$70,00. Caso n\xc3\xa3o seja poss\xc3\xadvel o paga\xe2\x80\xa6 https://t.co/6QD7lrWiEp'"
2018-08-11 12:24:29,b'@azulinhasaereas Uma promo\xc3\xa7\xc3\xa3o de fim-de-semana ia mto bem!!!!'
2018-08-11 11:54:52,"b'@azulinhasaereas Azul, j\xc3\xa1 existe algum mecanismo de busca ou alerta de pre\xc3\xa7os e promo\xc3\xa7\xc3\xb5es saindo sempre de um aerop\xe2\x80\xa6 https://t.co/4ePwJ6ycCz'"
2018-08-11 10:50:28,b'@azulinhasaereas Inclui os avi\xc3\xb5ezinhos de gelatina da Azul nessa lista! \xf0\x9f\x98\x8d'
2018-08-11 10:15:43,"b'2h da manh\xc3\xa3 a aeromo\xc3\xa7a veio me oferecer caf\xc3\xa9 dentro do avi\xc3\xa3o e o que eu fiz? TOMEI \xc3\x93BVIO, quando vou rejeitar caf\xc3\xa9?\xe2\x80\xa6 https://t.co/fU9GjzYHN6'"
2018-08-11 10:14:14,"b'@azulinhasaereas me ajuda, sai de vit\xc3\xb3ria com destino a Campinas com conex\xc3\xa3o em confins, sai da aeronave pra entrar\xe2\x80\xa6 https://t.co/T3ZToNhmSP'"
2018-08-11 04:37:24,"b'@ogabguimaraes @kabumcombr @azulinhasaereas Muito bom produto , n\xc3\xa3o vai se arrepender , qualidade absurda e suporte\xe2\x80\xa6 https://t.co/mXVu7gYXEp'"
2018-08-11 03:11:16,"b'@azulinhasaereas Me leva pra Goi\xc3\xa2nia conhecer minha namorada, mas eu n\xc3\xa3o tenho dinheiro rs'"
2018-08-11 02:50:52,b'https://t.co/xDWwz5riuw\nPromo\xc3\xa7\xc3\xa3o para ades\xc3\xa3o ao Clube Tudo Azul @azulinhasaereas  @passagensaereas'
2018-08-11 01:03:30,b'@eusadia @azulinhasaereas Isso chama organiza\xc3\xa7\xc3\xa3o'
2018-08-11 00:42:44,b'@azulinhasaereas O avi\xc3\xa3o \xc3\xa9 a nova maravilha do mundo \xe2\x9d\xa4\xe2\x9d\xa4\xe2\x9d\xa4\xe2\x9d\xa4'
2018-08-11 00:19:09,"b'@azulinhasaereas  ajuda o cri a ir na riomun, queremos muitos simular e ver nosso amiguinhos!!'"
2018-08-10 22:59:10,b'@lorena_rotelli @azulinhasaereas Promo\xc3\xa7\xc3\xa3o!!!! A\xc3\xad simmm'
2018-08-10 22:04:31,"b'@azulinhasaereas  como uma viagem na azul com voo pr\xc3\xb3prio para Buenos Aires, \xc3\xa9 bem mais caro que na CVC! Dif\xc3\xadcil entender!!!'"
2018-08-10 21:58:08,b'Bom @azulinhasaereas eu to esperando uma promo\xc3\xa7\xc3\xa3o de fim-de-semana daquelas de me fazer largar tudo e ir de f\xc3\xa9rias!\xe2\x80\xa6 https://t.co/hhaFYwOutq'
2018-08-10 21:08:09,b'@azulinhasaereas Em compensa\xc3\xa7\xc3\xa3o as companhias de avia\xc3\xa7\xc3\xa3o criaram passagens com um pre\xc3\xa7o proibitivo!!!'
2018-08-10 21:06:45,b'@azulinhasaereas Eu posso acrescentar promo\xc3\xa7\xc3\xa3o?? A\xc3\xad sim \xf0\x9f\x91\x8d'
2018-08-10 21:01:39,b'@ogabguimaraes @azulinhasaereas Ai sim! &lt;3'
2018-08-10 21:00:38,b'Obrigado pela agilidade @kabumcombr  e @azulinhasaereas AUUUUUU https://t.co/LHI3oJvtwf'
2018-08-10 20:57:40,b'Eu j\xc3\xa1 n\xc3\xa3o durmo a noite h\xc3\xa1 tempos por causa da minha sa\xc3\xbade. \nQuando tiro cochilo no final da tarde estes avi\xc3\xb5es do\xe2\x80\xa6 https://t.co/tfogbLgABf'
2018-08-10 20:32:39,b'@azulinhasaereas parece piada essa hist\xc3\xb3ria de cobran\xc3\xa7a para marcar um assento. Como clientes perdemos a possibilid\xe2\x80\xa6 https://t.co/O3seOasmKA'
2018-08-10 20:05:15,"b'n\xc3\xa3o \xc3\xa9 anivers\xc3\xa1rio dela mas, parab\xc3\xa9ns @azulinhasaereas'"
2018-08-10 19:54:36,"b'Sei que a economia n\xc3\xa3o anda bem no Brasil, mas cobrar para escolher assentos apertados @azulinhasaereas ? #chateado #azul'"
2018-08-10 19:41:05,b'@azulinhasaereas  pf me d\xc3\xa1 passagens pro Rio de Janeiro que eu fa\xc3\xa7o propaganda de vcs pra os meus 9 seguidores'
2018-08-10 19:30:18,b'esqueci de dizer que s\xc3\xa3o pro meu anivers\xc3\xa1rio viu @azulinhasaereas obrigada pela aten\xc3\xa7\xc3\xa3o'
2018-08-10 19:28:53,b'hora de rezar pelas passagens baratas @azulinhasaereas me patrocina'
2018-08-10 18:45:01,b'@isariibeiro @LATAM_BRA @azulinhasaereas @AviancaBrasil @LATAM_BRA @azulinhasaereas  @AviancaBrasil ajudem a @isariibeiro ! Nunca pedi nada!'
2018-08-10 18:41:32,b'@azulinhasaereas boa tarde. Queria esclarecer uma d\xc3\xbavida. Tenho uma reserva pra outubro mas quando entro no site n\xc3\xa3\xe2\x80\xa6 https://t.co/w2YiIZml3i'
2018-08-10 18:41:11,b'@kmimi T\xc3\xb4 querendo! Mas as queridas @LATAM_BRA @azulinhasaereas @AviancaBrasil n\xc3\xa3o ajudam.\xf0\x9f\x98\xa9'
2018-08-10 18:29:28,"b'@azulinhasaereas fica botando musiquinha e nada de atender o telefone, mai me poupe'"
2018-08-10 17:16:27,"b'@VoeGOLoficial @azulinhasaereas @LATAM_BRA @AviancaBrasil boa tarde, estou precisando comprar passagens a\xc3\xa9reas para\xe2\x80\xa6 https://t.co/5RPYN5aKlx'"
2018-08-10 17:00:22,"b'@azulinhasaereas eu despachei minha mala, paguei e ainda tive que ficar todo apertado e com minha mochila no p\xc3\xa9 - p\xe2\x80\xa6 https://t.co/ZcZgYq5dAT'"
2018-08-10 16:39:27,b'@azulinhasaereas Tem como antecipar a data da volta?'
2018-08-10 16:20:10,"b'A\xc3\xa9reas: morde (proibi\xc3\xa7\xc3\xa3o de cobran\xc3\xa7a pela escolha de assentos), assopra (aumentar k estrangeiro). @VoeGOLoficial\xe2\x80\xa6 https://t.co/ox1m0S4p5E'"
2018-08-10 16:03:22,b'@azulinhasaereas fui fazer check in agora para um v\xc3\xb4o segunda feira e a op\xc3\xa7\xc3\xa3o de marcar assento s\xc3\xb3 existe pagando 1\xe2\x80\xa6 https://t.co/Ol07jWrYag'
2018-08-10 14:33:12,b'@azulinhasaereas Foi sim!'
2018-08-10 13:59:07,b'Obrigado tambem a @azulinhasaereas por oferecer um voo de 4 horas SEM A TELA DE ENTRETERENTO. Coloca na aeronave pa\xe2\x80\xa6 https://t.co/Mxp8IhMR8g'
2018-08-10 13:39:45,b'@azulinhasaereas Entre Ft lauderdale e Belem vcs perderam minha mala e eu preciso dela estou sem roupas sem sapatos'
2018-08-10 13:38:50,b'@azulinhasaereas Algu\xc3\xa9m precisa me ajudar'
2018-08-10 13:38:39,"b'@azulinhasaereas PRECISO DA MINHA MALA, ESTOU SEM ROUOAS SEM SAPATOS E MUITO LINGE DE CASA'"
2018-08-10 13:36:45,b'@azulinhasaereas Sem condi\xc3\xa7\xc3\xb5es de uso j\xc3\xa1 estar chegando \xc3\xa0 24 horas sem resolu\xc3\xa7\xc3\xa3o'
2018-08-10 13:35:44,b'@azulinhasaereas N\xc3\xa3o existe uma situa\xc3\xa7\xc3\xa3o dessas sem a m\xc3\xadnima aten\xc3\xa7\xc3\xa3o'
2018-08-10 13:35:11,b'@azulinhasaereas Algu\xc3\xa9m precisa solucionar esse problema'
2018-08-10 13:34:42,b'@azulinhasaereas Preciso de assist\xc3\xaancia imediata e de uma solu\xc3\xa7\xc3\xa3o porque quase 24 hora sem contar as 18 horas de vi\xe2\x80\xa6 https://t.co/6pjPPYSknW'
2018-08-10 13:33:50,b'@azulinhasaereas Nesse final de semana n\xc3\xa3o vou ter roupas pra usar pra sair com o meu pai porque vcs perderam minha\xe2\x80\xa6 https://t.co/PQEUk2Rt03'
2018-08-10 13:32:47,b'@azulinhasaereas Se eu estivesse perto de casa n\xc3\xa3o teria problema mais estou muito longe e n\xc3\xa3o estou tendo a ajuda necess\xc3\xa1ria'
2018-08-10 13:32:10,b'@azulinhasaereas Preciso que algu\xc3\xa9m fa\xc3\xa7a alguma coisa'
2018-08-10 13:31:58,b'@azulinhasaereas Preciso de uma solu\xc3\xa7\xc3\xa3o'
2018-08-10 13:31:49,b'@azulinhasaereas Estou sem roupas sem sapatos e n\xc3\xa3o acredito que vcs estejam trabalhando no meu caso'
2018-08-10 13:31:08,b'@azulinhasaereas Eu preciso de algu\xc3\xa9m que esteja disposto a ajudar'
2018-08-10 13:30:44,b'@azulinhasaereas Eu preciso da minha mala'
2018-08-10 13:30:35,b'@azulinhasaereas Est\xc3\xa3o chegando \xc3\xa0s 24 horas de quando percebi que minha mala n\xc3\xa3o chegou e vcs n\xc3\xa3o me d\xc3\xa3o uma posi\xc3\xa7\xc3\xa3o'
2018-08-10 13:29:40,b'@azulinhasaereas Vcs precisam encontrar minha mala'
2018-08-10 13:29:17,b'@azulinhasaereas Estou sem roupas sem nada e milhares de milhas longe de casa'
2018-08-10 13:29:00,b'@azulinhasaereas Entre Fort Lauderdale e Belem minha mala foi desviada e vcs precisam trabalhar nisso r\xc3\xa1pido'
2018-08-10 11:45:03,b'@voeazul @azulinhasaereas foi roubada uma mala num voo da Azul com os bonecos do Maur\xc3\xa3o (Mauro Oliveira). S\xc3\xa3o seus\xe2\x80\xa6 https://t.co/mKZ9588ICF'
2018-08-10 10:20:02,"b'Eu s\xc3\xb3 quero adiantar um v\xc3\xb4o, me ajuda @azulinhasaereas'"
2018-08-10 04:32:00,"b'Eu s\xc3\xb3 queria uma passagem pra Bras\xc3\xadlia por menos de 700 reais pro final do m\xc3\xaas Serase \xc3\xa9 poss\xc3\xadvel? Aff q saco,\xe2\x80\xa6 https://t.co/AhsBPeUXXC'"
2018-08-10 02:40:52,b'@azulinhasaereas \xf0\x9f\x98\xa9 queria que fosse a letra A'
2018-08-10 02:35:25,b'Pausa na programa\xc3\xa7\xc3\xa3o pra relatar o abuso de passagem pra SP a mil reais n\xc3\xa3o se tem mais um pingo de respeito nesse\xe2\x80\xa6 https://t.co/D4aOTLF4CB'
2018-08-10 01:59:19,b'@azulinhasaereas absurdo o tratamento que a azul d\xc3\xa1 aos clientes em conex\xc3\xb5es sem informa\xc3\xa7\xc3\xb5es tendo que devido \xc3\xa0 fal\xe2\x80\xa6 https://t.co/61WswEjA9D'
2018-08-10 01:57:46,b'@azulinhasaereas C (pq memorias s\xc3\xa3o as melhores cias nesse dia. Saudades do meu amado pai)'
2018-08-10 01:54:48,"b'Voo cancelado , nos fizeram esperar 4 horas para depois cancelar ...grande preju\xc3\xadzo ...lament\xc3\xa1vel @azulinhasaereas\xe2\x80\xa6 https://t.co/vtmPSvK26F'"
2018-08-10 01:43:09,"b'a @azulinhasaereas esta boicotando o @jairbolsonaro. Toda vez que ele vai falar, a comiss\xc3\xa1ria de bordo faz um anunc\xe2\x80\xa6 https://t.co/WHpGOronSC'"
2018-08-10 01:25:20,b'Azul linhas a\xc3\xa9reas deixando clientes na m\xc3\xa3o em Ribeir\xc3\xa3o Preto ! Voo para Bh era para sair as 19:00 e estamos aqui a\xe2\x80\xa6 https://t.co/WNkaduh9fg'
2018-08-09 23:47:11,b'@azulinhasaereas Ola azul como fa\xc3\xa7o para ter um exemplar da revista deste m\xc3\xaas'
2018-08-09 22:45:33,b'@azulinhasaereas Vou mostrar para o papai como era a Varig.'
2018-08-09 22:41:02,b'@matheusalm_ @LATAM_BRA @VoeGOLoficial @azulinhasaereas @AviancaBrasil Insuport\xc3\xa1vel'
2018-08-09 22:08:00,b'Acho que hoje a @azulinhasaereas n\xc3\xa3o vai falar que \xc3\xa9 a via\xc3\xa7\xc3\xa3o a\xc3\xa9rea mais pontual do Brasil por motivos de voo atrasado.'
2018-08-09 22:01:39,b'indignada com a @azulinhasaereas e essa palha\xc3\xa7ada com os assentos que eu comprei'
2018-08-09 21:20:36,b'@azulinhasaereas Faz a\xc3\xad um concurso pra melhor foto com pai pra ganhar passagem'
2018-08-09 21:17:47,"b'@azulinhasaereas Nenhuma pois n vou ver meu pai, s\xc3\xb3 uma ligadinha de leve'"
2018-08-09 20:23:45,"b'@azulinhasaereas S\xc3\xb3 mais uma d\xc3\xbavida, Notebook e tablet, contam nos 10kg?'"
2018-08-09 20:09:30,"b'@azulinhasaereas Ol\xc3\xa1, Como fa\xc3\xa7o pra comprar o voo Azul/Gol AD 2700/G3 2078\nGIG-FEN 8:25 - 15:05 e volta: AD 5745/AD\xe2\x80\xa6 https://t.co/yPQCjLyApf'"
2018-08-09 19:44:44,b'@azulinhasaereas Muito obg @azulinhasaereas'
2018-08-09 19:41:27,b'@azulinhasaereas Meu c\xc3\xb3digo de reserva \xc3\xa9 G68EYB. Eu s\xc3\xb3 falo ingl\xc3\xaas.'
2018-08-09 19:26:48,b'10 minutos de espera e nada de ser atendida pela @azulinhasaereas . Assim fica dif\xc3\xadcil'
2018-08-09 19:23:42,b'A @azulinhasaereas sabe agradar seus clientes. Uma voltinha em torno da Usina Hidrel\xc3\xa9trica de Belo Monte antes de i\xe2\x80\xa6 https://t.co/LPRrlfoFL0'
2018-08-09 18:32:08,b'@azulinhasaereas pq os voos BH-Gyn Gyn-BH s\xc3\xa3o t\xc3\xa3o caros?'
2018-08-09 18:09:21,"b'@azulinhasaereas Ol\xc3\xa1, estou tentando resolver uma reclama\xc3\xa7\xc3\xa3o de bagagem danificada de uma viagem em suas companhias\xe2\x80\xa6 https://t.co/EqbOxTSC1l'"
2018-08-09 17:42:47,"b'@azulinhasaereas via crucis com total desrespeito ter voo cancelado de sdu/gru, voo substituto pra vcp e depois de\xe2\x80\xa6 https://t.co/xFCGVuxfuj'"
2018-08-09 17:32:42,b'Oi @azulinhasaereas  fiquei esse tempo todo na linha e NINGU\xc3\x89M me atendeu!!!! A liga\xc3\xa7\xc3\xa3o caiu e meus cr\xc3\xa9ditos foram\xe2\x80\xa6 https://t.co/OX8WwABGd2'
2018-08-09 17:31:08,b'@SmilesOficial posso transferir minhas milhas pra @azulinhasaereas ? https://t.co/RK2Gygpouc'
2018-08-09 17:24:43,"b'@azulinhasaereas Estou aguardando! Lembrando que o voo \xc3\xa9 segunda feira (13), dentro de 4 dias.'"
2018-08-09 17:22:34,b'@azulinhasaereas tem uma semana que vim pra Lisboa e meia pontos n\xc3\xa3o foram atualizados. O que eu fa\xc3\xa7o?'
2018-08-09 16:52:00,b'@azulinhasaereas me da uma passagem de presente!! &lt;3'
2018-08-09 16:46:07,b'Bora @LATAM_BRA @azulinhasaereas cad\xc3\xaa as promo\xc3\xa7\xc3\xb5es de voc\xc3\xaas de SLZ pro RIO em setembro por 400 reais??? Quem lan\xc3\xa7ar\xe2\x80\xa6 https://t.co/zidO1XgUdO'
2018-08-09 16:40:41,"b'@azulinhasaereas estou planejando uma viagem nacional, queria saber se posso levar uma mala pequena de 10kg e uma mochila.'"
2018-08-09 16:20:37,b'Gostei de viajar com @azulinhasaereas. Mas n\xc3\xa3o esquecerei que eles quebraram a poha da minha mala!!!'
2018-08-09 15:51:20,b'@azulinhasaereas Manda por dm?'
2018-08-09 15:05:32,"b'@azulinhasaereas J\xc3\xa1 conseguimos resolver no guich\xc3\xaa da companhia, fomos remanejados pra um voo mais tarde em outra c\xe2\x80\xa6 https://t.co/JmKhWYdTXN'"
2018-08-09 14:41:29,"b'@azulinhasaereas estou precisando de uma ajuda no Check-in via web, n\xc3\xa3o estou conseguindo faz\xc3\xaa-lo e estou a meia ho\xe2\x80\xa6 https://t.co/56X2S4kqfo'"
2018-08-09 14:35:37,b'Acabei perdendo meu voo na @azulinhasaereas e eu s\xc3\xb3 fiquei triste pq acabei de perder a oportunidade de um fone novo :('
2018-08-09 14:24:53,b'@azulinhasaereas Obrigada.'
2018-08-09 14:22:50,"b'muito triste com a @azulinhasaereas que tirou minha passagem ""barata"" agora nao consigo mais comprar com pontos+reais AAAAA'"
2018-08-09 14:02:50,"b'Mais uma vez tendo um atendimento excelente na central de atendimento da @azulinhasaereas . Mudan\xc3\xa7a de voo, ajustes\xe2\x80\xa6 https://t.co/7EthYvy0y6'"
2018-08-09 13:52:42,b'@laupa_pt @Saulo_Branco @azulinhasaereas Hahahahaha\nAs d\xc3\xadvidas t\xc3\xa3o me pegando \xf0\x9f\x98\xa2'
2018-08-09 13:50:22,"b'Mais um cancelamento e continuo sem resposta, \xc3\xa9 isso mesmo @azulinhasaereas ? Eu s\xc3\xb3 queria ir para casa, estou desd\xe2\x80\xa6 https://t.co/QW6sX01OEq'"
2018-08-09 13:49:11,b'@tra_victor @Saulo_Branco @azulinhasaereas T\xc3\xb4 quase pedindo pra vc custear meu estudo \xf0\x9f\x98\x98\xf0\x9f\x98\x82\xf0\x9f\xa4\xaa\xf0\x9f\xa4\xaa\xf0\x9f\x98\x98'
2018-08-09 13:48:28,"b'@Saulo_Branco @tra_victor @azulinhasaereas Kkkkkk. Fala s\xc3\xa9rio?! Diria minha av\xc3\xb3: \xe2\x80\x9cde gr\xc3\xa3o em gr\xc3\xa3o, a galinha enche o papo\xe2\x80\x9d \xf0\x9f\x98\x82'"
2018-08-09 13:48:00,"b'@Saulo_Branco @laupa_pt @azulinhasaereas Se quiser aproveitar o embalo e me ajudar tbm, passo a conta por DM hahahaha'"
2018-08-09 13:45:57,b'@tra_victor @laupa_pt @azulinhasaereas Kkkkkk ajuda a empresa Paula !!'
2018-08-09 13:44:14,b'@laupa_pt @azulinhasaereas Querem compensar com seu assento!'
2018-08-09 13:43:22,b'Falando em @azulinhasaereas https://t.co/pdZXJ304XM'
2018-08-09 13:41:42,"b'Fui notificada compulsoriamente pela @azulinhasaereas s/ a mudan\xc3\xa7a do meu hor\xc3\xa1rio de voo. At\xc3\xa9 a\xc3\xad, ok (j\xc3\xa1 que posso\xe2\x80\xa6 https://t.co/kWW9V8RT6J'"
2018-08-09 13:41:09,b'@azulinhasaereas o que s\xc3\xa3o \xe2\x80\x9cSSRs\xe2\x80\x9d que impedem o checkin online?'
2018-08-09 13:13:45,"b'@azulinhasaereas Uma vez que ja foi feito todo o processo solicitado. Ja entrei em contato de mil formas, atrav\xc3\xa9s d\xe2\x80\xa6 https://t.co/CBHqt8qG55'"
2018-08-09 13:12:11,"b'@azulinhasaereas Oie! Comprei uma passagem a\xc3\xa9rea no dia 30/07, entre ATM - REC, e o site n disponibilizou a 2\xc2\xb0 vi d\xe2\x80\xa6 https://t.co/jNppil3Cmf'"
2018-08-09 13:11:45,"b'@azulinhasaereas n\xc3\xa3o mores, \xc3\xa9 foda no sentido de ser muito bom! \xc3\xa9 um elogio. &lt;3'"
2018-08-09 12:57:36,b'@ttdomike @azulinhasaereas os dois anjo'
2018-08-09 12:57:25,b'@lucshit @azulinhasaereas vc vai de azul? ou TAM? acho que fiz conta errada'
2018-08-09 12:51:07,b'viajar de @azulinhasaereas \xc3\xa9 foda'
2018-08-09 11:04:26,b'- L\xc3\xa1 se vai eu sonhando atendendo o @supernok no meu trabalho e elogiando o uniforme da @azulinhasaereas que ele ta\xe2\x80\xa6 https://t.co/DJNIX2r95S'
2018-08-09 10:02:17,b'@schultz_roro @azulinhasaereas E tomaram ferro no congresso nacional.'
2018-08-09 09:07:28,"b'@azulinhasaereas deu uma atrasada hoje, mas o servi\xc3\xa7o sempre compensa... \xf0\x9f\x98\x89 @gruairportsp'"
2018-08-09 08:35:41,"b'Se eu ganhasse R$100 a cada vez que o wifi do @gruairportsp n\xc3\xa3o funcionasse estava rico! No Terminal 1 ent\xc3\xa3o, putz! @azulinhasaereas'"
2018-08-09 08:03:26,b'Bora \xe2\x9c\x88\xef\xb8\x8f dan\xc3\xa7ando no c\xc3\xa9u que \xc3\xa9 mais legal! @VanHalen #DiverDown #DancingInTheStreet @azulinhasaereas'
2018-08-09 05:08:25,"b'@VoeGOLoficial est\xc3\xa1 sendo pisada, pois o voo que eu Fiz em 2012 pela @azulinhasaereas est\xc3\xa1 lacrando'"
2018-08-09 02:23:51,"b'\xc3\x89 assim que voc\xc3\xaas tratam os clientes de voc\xc3\xaas, @azulinhasaereas ? https://t.co/BXK0JKcJPA'"
2018-08-09 02:20:31,b'Viva a @azulinhasaereas! Embarque por grupos. Embarquei com minha mala de m\xc3\xa3o (dentro das medidas padr\xc3\xa3o) sem enche\xe2\x80\xa6 https://t.co/nBA3cMr8QB'
2018-08-09 01:58:46,b'Est\xc3\xa3o de parab\xc3\xa9ns @azulinhasaereas . Nos deixaram esperando quase 1h de atraso por incompet\xc3\xaancia de voc\xc3\xaas e agora c\xe2\x80\xa6 https://t.co/Faq6kKtVCx'
2018-08-09 01:52:41,"b'@azulinhasaereas me decepcionou qnd trocaram as balinhas Fini por Haribo, q decad\xc3\xaancia'"
2018-08-09 01:48:19,b'@azulinhasaereas mo\xc3\xa7o/mo\xc3\xa7a minhas milhas n\xc3\xa3o ca\xc3\xadram na minha conta tudoazul'
2018-08-09 01:38:20,b'@tiao_o @passagensaereas Bem assim \xc3\xa9 a @azulinhasaereas'
2018-08-09 01:30:26,b'@azulinhasaereas boa noite voc\xc3\xaas cobram taxa de adiantamento de v\xc3\xb4o mesmo com assentos vazios? Qual a justificativa?'
2018-08-09 00:11:48,"b'@alexandregarcia Alexandre , paguei 50 reais na @azulinhasaereas para ter direito de marcar o assento antecipadamen\xe2\x80\xa6 https://t.co/i7NdjvIT4M'"
2018-08-08 23:44:57,b'@alexandregarcia Quem n\xc3\xa3o pagava eles colocavam no meio! A @azulinhasaereas era a mais que praticava este absurdo!'
2018-08-08 22:41:18,b'#case: como a @azulinhasaereas solucionou o desafio da transforma\xc3\xa7\xc3\xa3o digital nos neg\xc3\xb3cios #marketing #consumidor https://t.co/MKOR8nSp8q'
2018-08-08 22:04:52,b'voucher da viagem j\xc3\xa1 veio mas a ap\xc3\xb3lice do seguro viagem n\xc3\xa3o.. ser\xc3\xa1 que \xc3\xa9 necess\xc3\xa1rio?? @azulinhasaereas'
2018-08-08 22:03:48,b'obg @azulinhasaereas pela famigerada sky enquanto voo q n\xc3\xa3o vou perder a novela da 7 q eu to atenta'
2018-08-08 21:57:16,"b'@azulinhasaereas aaah sim, bom saber.. muito obrigada pela resposta! :)'"
2018-08-08 21:43:15,b'@LusGuil41516846 @azulinhasaereas Recomendo as duas kkkkk'
2018-08-08 21:26:11,"b'Eae, @azulinhasaereas ? Perdi j\xc3\xa1 dois dias da minha viagem s\xc3\xb3 tentando resolver os problemas que voc\xc3\xaas me criaram e\xe2\x80\xa6 https://t.co/4v6Ozj4fnY'"
2018-08-08 21:20:49,b'@VoeGOLoficial @TAMLinhasAreas @azulinhasaereas @LATAM_BRA ALGU\xc3\x89M ME DA SO UMA PASSAGEM P IR PRA CASA EU IMPLORO'
2018-08-08 21:16:53,b'Embarque ca\xc3\xb3tico @azulinhasaereas'
2018-08-08 21:13:26,"b'@DalvaaDrusylla @azulinhasaereas Recomenda a gelatina ou a companhia a\xc3\xa9rea ? Acho mais vi\xc3\xa1vel a companhia, claro kkkkkkkkkkkkkkkk'"
2018-08-08 20:40:17,"b'@azulinhasaereas, n\xc3\xa3o acho mais os gifs da #laemcima, do story do instagram. acabou?'"
2018-08-08 20:32:21,b'@azulinhasaereas azul vcp-ssa - avi\xc3\xa3o velho desconfort\xc3\xa1vel e 40 min de atraso - e equipagens de m\xc3\xa3o demais #badservice #servicoruim'
2018-08-08 19:58:16,b'Dia daqueles. Passei no fone mais 5 horas com departamentos de seguran\xc3\xa7a de cart\xc3\xb5es. Clonados. Monte de passagens c\xe2\x80\xa6 https://t.co/XxSrfi0kIV'
2018-08-08 19:56:28,"b'S\xc3\xb3 quero viajar de @azulinhasaereas agora, me senti t\xc3\xa3o mimada, comi tanto, e aquelas balinhas de gelatina ent\xc3\xa3o? Super recomendo'"
2018-08-08 19:33:10,b'\xf0\x9f\x97\xba\xef\xb8\x8f\xf0\x9f\x93\x8c Foz do Igua\xc3\xa7u anuncia 200 voos extras da @azulinhasaereas https://t.co/zqpNOkZ9RB (via @portalpanrotas)\xe2\x80\xa6 https://t.co/ZnN9FeB9HE'
2018-08-08 18:43:22,b'@azulinhasaereas Em S\xc3\xa3o Bernardo dia 20 \xc3\xa9 feriado! Segundona..!! hahaha'
2018-08-08 18:43:08,"b'@azulinhasaereas Quando eu descubro que minha passagem Recife/Passo Fundo custa R$ 1.237,00 no fim de semana do meu anivers\xc3\xa1rio....'"
2018-08-08 18:19:46,b'@azulinhasaereas O que aconteceu com o AD9801 que ficou dando v\xc3\xa1rias voltas na regi\xc3\xa3o de Camaqu\xc3\xa3? https://t.co/n2DFr6NJnQ'
2018-08-08 18:17:52,b'@azulinhasaereas Chora n\xc3\xa3o \xf0\x9f\x98\x8d A boa not\xc3\xadcia \xc3\xa9 que o pr\xc3\xb3ximo feriado cai numa SEXTA! \xf0\x9f\x8e\x89 https://t.co/2MhCKZOLVf'
2018-08-08 18:17:13,b'@azulinhasaereas Quando voc\xc3\xaa olha os pre\xc3\xa7os no site da azul'
2018-08-08 18:16:31,b'@azulinhasaereas Quanto ou Quando?'
2018-08-08 18:10:11,b'@nascimentodfs @martinslethy @YouTube @NetflixBrasil @tim @TIMBrasil @MariliaMReal @gusttavo_lima @tramontina\xe2\x80\xa6 https://t.co/B3ecpfTsVA'
2018-08-08 18:09:55,b'@pinheiro18_ @martinslethy @YouTube @NetflixBrasil @tim @TIMBrasil @MariliaMReal @gusttavo_lima @tramontina @extra\xe2\x80\xa6 https://t.co/9DRSHp95BL'
2018-08-08 17:44:58,"b'@azulinhasaereas Ou seja, essa norma JENIAL deixa no limbo as crian\xc3\xa7as com menos de 2 anos e com mais de 11 kgs e/o\xe2\x80\xa6 https://t.co/43iEpEeYxJ'"
2018-08-08 17:09:04,"b'@1Catarine @azulinhasaereas Seu check-in sera feito uma vez e o despacho das malas tamb\xc3\xa9m, n\xc3\xa3o precisa ser realizad\xe2\x80\xa6 https://t.co/dUIQreYZAn'"
2018-08-08 17:06:23,b'@1Catarine @azulinhasaereas Cancelamento \xc3\xa9 imprevis\xc3\xadvel demais ent\xc3\xa3o n\xc3\xa3o deposite muita confian\xc3\xa7a agora \xc3\xa9 mais para\xe2\x80\xa6 https://t.co/w6mxkdCobY'
2018-08-08 16:59:14,b'@1Catarine @azulinhasaereas Entao nesse caso voc\xc3\xaa n\xc3\xa3o troca de avi\xc3\xa3o... Caso acontecer de trocar voc\xc3\xaa n\xc3\xa3o pega a ma\xe2\x80\xa6 https://t.co/67AO7k0Eik'
2018-08-08 16:56:44,b'@1Catarine @azulinhasaereas Aconteceu comigo em um voo VCP p CFN com escala em BSB a\xc3\xad n\xc3\xa3o troquei de avi\xc3\xa3o e fiquei\xe2\x80\xa6 https://t.co/Rmvv36nMYM'
2018-08-08 16:34:25,b'@azulinhasaereas Mandei por DM'
2018-08-08 16:22:41,b'Minha rela\xc3\xa7\xc3\xa3o com BEL \xc3\xa9 t\xc3\xa3o ruim que at\xc3\xa9 minha preferida @azulinhasaereas n\xc3\xa3o entrega minha bagagem prioridade nos 1\xc2\xb0s lotes...'
2018-08-08 16:18:35,"b'@azulinhasaereas minha viagem \xc3\xa9 dia 11 e estou sendo cobrada. E isso aqui:\nNos \xc3\xbaltimos 7 dias que antecedem o voo,\xe2\x80\xa6 https://t.co/7HKTpzDJCF'"
2018-08-08 16:10:40,b'voc\xc3\xaa \xc3\xa9 obrigado a marcar assento no voo e dessa forma obrigado a pagar pela marca\xc3\xa7\xc3\xa3o? \xc3\xa9 isso mesmo @azulinhasaereas?'
2018-08-08 16:05:34,"b'@azulinhasaereas me ajuda, segundo informa\xc3\xa7\xc3\xa3o do seu chat on-line, n\xc3\xa3o \xc3\xa9 poss\xc3\xadvel marcar o assento sem custo antes\xe2\x80\xa6 https://t.co/9b2dqv3tUJ'"
2018-08-08 15:34:52,"b'@azulinhasaereas J\xc3\xa1 tem menos de 72 horas para o meu voo, e ainda n\xc3\xa3o consigo marcar o assento sem cobran\xc3\xa7a'"
2018-08-08 14:53:01,b'@azulinhasaereas No site N\xc3\xa3o tem uma listagem das cidades. Teria que consultar cidade por cidade fazendo pesquisa.'
2018-08-08 14:19:48,b'@azulinhasaereas Prazer'
2018-08-08 14:09:11,b'@rosana @VoeGOLoficial @RitaLobo O card\xc3\xa1pio da @azulinhasaereas quem fez foi a @ANAMARIABRAGA'
2018-08-08 13:47:04,b'Na proa CNF com #A320CEO da \xe2\x81\xa6@azulinhasaereas\xe2\x81\xa9 #azullinhasaereas https://t.co/rxaxcRHazm'
2018-08-08 13:46:43,b'@azulinhasaereas com quantas horas antes do voo eu consigo marcar o assento sem precisar pagar?\n#Xatiado'
2018-08-08 13:14:18,b'@azulinhasaereas como fa\xc3\xa7o pra saber quais s\xc3\xa3o as cidades que tem v\xc3\xb4os diretos partindo de Recife?'
2018-08-08 12:35:33,"b'@azulinhasaereas fui roubado pela azul. Debitaram indevidamente do meu cart\xc3\xa3o de cr\xc3\xa9dito. J\xc3\xa1 abri 4 protocolos, tod\xe2\x80\xa6 https://t.co/snSnpwS9ei'"
2018-08-08 11:31:11,b'@flywithmeaway1 @Marcerobcal @fersatriano @edwrocc @spotter_ana @HubertMelin @venildogalvao @n_larenas @Otachi13\xe2\x80\xa6 https://t.co/Syz8bpaGom'
2018-08-08 04:32:17,b'Chatead\xc3\xadssima com o fim da parceria entre a @Fini_golosinas e a @azulinhasaereas'
2018-08-08 01:53:27,b'@azulinhasaereas estou me sentindo lesado em rela\xc3\xa7\xc3\xa3o a pontua\xc3\xa7\xc3\xa3o do Tudo Azul/Clube Azul. Pelo tele atendimento n\xc3\xa3o\xe2\x80\xa6 https://t.co/SqTph588Ei'
2018-08-08 00:41:43,b'@azulinhasaereas P\xc3\xa9ssima'
2018-08-08 00:40:22,b'@LGuaracho @azulinhasaereas Totalizaram 11hs  de viagem por conta dos atrasos. Reclamaram?\nA poltrona do meu neto f\xe2\x80\xa6 https://t.co/dAq6yZ1hiZ'
2018-08-07 23:48:01,b'@azulinhasaereas Boa noite!!'
2018-08-07 23:31:57,b'@azulinhasaereas mas c\xc3\xaas t\xc3\xa3o bem loka da cabe\xc3\xa7a q eu vou gastar tempo no telefone com algo que \xc3\xa9 obriga\xc3\xa7\xc3\xa3o de voc\xc3\xaas fazerem'
2018-08-07 23:23:17,b'@cesarcuryveloso @azulinhasaereas Nunca facitam \xf0\x9f\x98\x82\xf0\x9f\x98\x82\xf0\x9f\x98\x82'
2018-08-07 23:19:55,"b'@schultz_roro A @azulinhasaereas cobra os servi\xc3\xa7os de marca\xc3\xa7\xc3\xa3o de assento adiantados (isso, per si, \xc3\xa9 absurdo) se v\xe2\x80\xa6 https://t.co/zu5KMrM68r'"
2018-08-07 23:05:41,"b'@EduKof @azulinhasaereas Edu cara valeu por estar na bienal, os cara tava barrando eu pra tirar foto com voc\xc3\xaa, mas\xe2\x80\xa6 https://t.co/TB9PaBjB2b'"
2018-08-07 22:55:45,b'@azulinhasaereas Nem se quiser comprar a passagem \xc3\xa9 poss\xc3\xadvel?! \xc3\x89 a\xc3\xad que est\xc3\xa1 a incoer\xc3\xaancia... uma crian\xc3\xa7a de 2 anos\xe2\x80\xa6 https://t.co/MNFomMiQ5N'
2018-08-07 22:40:18,b'Voei no #A320neo da @azulinhasaereas.  Nunca tinha visto uma aeronave t\xc3\xa3o silenciosa na cabine. https://t.co/D106JvADfl'
2018-08-07 22:40:09,b'@azulinhasaereas Estou h\xc3\xa1 48h aguardando uma resposta e nada. Respeito pelo consumidor? Pra que?'
2018-08-07 22:36:08,b'@azulinhasaereas Se tem atendimento melhor que o da azul eu desconhe\xc3\xa7o. \xe2\x9d\xa4\xef\xb8\x8f\xe2\x9d\xa4\xef\xb8\x8f'
2018-08-07 22:04:07,b'A @azulinhasaereas inaugurou hoje novos voos semanais direto de BH para Jeri. Recebemos os primeiros passageiros co\xe2\x80\xa6 https://t.co/XaxRVMW3f5'
2018-08-07 21:52:42,b'Estimada @azulinhasaereas s\xc3\xb3 volte a me mandar e-mails pedindo pra eu gastar depois de creditar meus pontos via @bookingcom obrigado de nada'
2018-08-07 21:50:47,"b'@azulinhasaereas fiz uma compra na Centauro no dia 17/07, seguindo o link do Tudo Azul. Quando os pontos ser\xc3\xa3o creditados?'"
2018-08-07 21:07:06,"b'@RaphaelaCastel1 @azulinhasaereas Eu n\xc3\xa3o sei, mas o atendimento deles \xc3\xa9 incr\xc3\xadvel, s\xc3\xa3o pontuais eu amei minha viajem'"
2018-08-07 20:45:27,b'Companhia A\xc3\xa9rea: Azul Linhas A\xc3\xa9reas Brasileiras (@azulinhasaereas)\nAeronave: Embraer ERJ-195\nMatr\xc3\xadcula: PR-AXH\nIdad\xe2\x80\xa6 https://t.co/V51vehuLEu'
2018-08-07 19:59:51,"b'@azulinhasaereas yo, muito caro amore'"
2018-08-07 19:23:30,b'@azulinhasaereas acabamos de ser informados que o motivo do atraso do voo \xc3\xa9 descanso regulamentar da tripula\xc3\xa7\xc3\xa3o?'
2018-08-07 19:23:20,b'Terceira vez que compro passagem com a @azulinhasaereas e eles simplesmente alteram o hor\xc3\xa1rio sem avisar... alegam\xe2\x80\xa6 https://t.co/iFZeZOZGBZ'
2018-08-07 19:08:36,"b'Meu filho tem 9 meses, com 74 cm e 11,5kgs. Mas j\xc3\xa1 t\xc3\xa1 provando da incapacidade das empresas brasileiras em estabele\xe2\x80\xa6 https://t.co/5qx9kdNKdU'"
2018-08-07 19:06:30,"b'A @azulinhasaereas tem uma regra JENIAL para beb\xc3\xaas embarcarem. Se for menor de 70 cm e pese menos de 11kgs, tem ber\xe2\x80\xa6 https://t.co/qMb1aKHB6t'"
2018-08-07 19:04:52,"b'A praia cada vez mais perto dos mineiros! A partir de hoje, nossa associada @azulinhasaereas come\xc3\xa7a a operar frequ\xc3\xaa\xe2\x80\xa6 https://t.co/DTvupt7QuO'"
2018-08-07 18:52:59,b'@azulinhasaereas vcs atrasam o voo em Confins e ainda tenho que ouvir desaforos da funcion\xc3\xa1ria Luciana'
2018-08-07 18:51:54,b'@azulinhasaereas sua funcion\xc3\xa1ria Luciana \xc3\xa9 super mal educada. Quem est\xc3\xa1 com voo atrasado s\xc3\xa3o vcs'
2018-08-07 18:51:04,b'@azulinhasaereas voo atrasado em Confins e ao perguntar sobre a conex\xc3\xa3o a funcion\xc3\xa1ria Luciana da @azulinhasaereas super mal educada'
2018-08-07 18:48:52,b'@azulinhasaereas Voo atrasado em Confins e a a grosseria da funcion\xc3\xa1ria da Azul impressiona'
2018-08-07 18:39:55,b'Genteee estamos esperando o co-piloto chegar kkkkkk @azulinhasaereas. Estamos h\xc3\xa1 1 hora dentro do avi\xc3\xa3o!!! Que conf\xe2\x80\xa6 https://t.co/ILplOpfWUK'
2018-08-07 18:32:16,b'\xe2\x81\xa6@azulinhasaereas\xe2\x81\xa9 estamos h\xc3\xa1 1 hora aproximadamente dentro do avi\xc3\xa3o p decolar!! V\xc3\xa1rios problemas hj com aeronaves\xe2\x80\xa6 https://t.co/oaN1O0doOH'
2018-08-07 18:25:40,"b'Foz do Igua\xc3\xa7u, um dos destinos tur\xc3\xadsticos mais procurados do Brasil e da Am\xc3\xa9rica Latina, dever\xc3\xa1 receber mais de 200\xe2\x80\xa6 https://t.co/FK2Zz429SA'"
2018-08-07 18:09:54,"b'@jrantonio450 @avioesemusicas @azulinhasaereas \xc3\x89 um Audi A8, esse \xc3\xa9 um avi\xc3\xa3o e tanto kkkkk'"
2018-08-07 18:06:33,b'a @azulinhasaereas PISA MUITO nas outras companhias. @AviancaBrasil tapete'
2018-08-07 17:29:00,"b'@VoeGOLoficial @ReyBiannchi Esperar oq da @VoeGOLoficial ? Desrespeito. Hj s\xc3\xb3 v\xc3\xb4o na @azulinhasaereas , at\xc3\xa9 agora n\xe2\x80\xa6 https://t.co/ULrUfrG2ux'"
2018-08-07 17:14:02,"b'@azulinhasaereas eu nunca, at\xc3\xa9 porque com os pre\xc3\xa7os praticados por voc\xc3\xaa \xc3\xa9 imposs\xc3\xadvel'"
2018-08-07 15:37:48,b'@SrtaExageros @azulinhasaereas Companhias a\xc3\xa9reas tratando os passageiros pior do q gado'
2018-08-07 15:36:59,"b'A partir do dia 20 de dezembro, os moradores de Feira de Santana (a 109 km de Salvador) ter\xc3\xa3o uma nova oportunidade\xe2\x80\xa6 https://t.co/ddwSBlufIQ'"
2018-08-07 15:31:49,b'@SrtaExageros @azulinhasaereas AFF viu processa eles'
2018-08-07 15:27:50,b'@SrtaExageros @azulinhasaereas Que merda eles n\xc3\xa3o tem respeito'
2018-08-07 15:13:14,b'@azulinhasaereas obrigado pela propaganda de mudar o meu status pra viajando... Quer mudar o meu status pra trabalh\xe2\x80\xa6 https://t.co/zztmhcbKNh'
2018-08-07 14:14:35,b'@azulinhasaereas EU PRECISO CONVERSAR COM UM ATENDENTE SOBRE MINHA COMPRA! NO TELEFONE EU NUNCA SOU REPASSADA S\xc3\x93 FICA NA M\xc3\x9aSICA'
2018-08-07 13:30:06,b'@azulinhasaereas Eu tenho um viajam (REC to GIG). Posso levar uma bagagem de m\xc3\xa3o e mais um laptop?'
2018-08-07 13:16:16,"b'eu e diego comprando na @azulinhasaereas \neu consigo terminar a compra, ele n\xc3\xa3o. eles aumentam o pre\xc3\xa7o.'"
2018-08-07 12:36:55,b'Caos. Muitos voos cancelados agora pela manh\xc3\xa3 no Dantos Dumont. @LATAM_BRA @VoeGOLoficial @azulinhasaereas\xe2\x80\xa6 https://t.co/2ocaxzVHXm'
2018-08-07 10:43:37,b'oi dona @azulinhasaereas eu queria entender queria entender porque a senhora INSISTE em colocar conexoes tao proxim\xe2\x80\xa6 https://t.co/KIR4nip8FC'
2018-08-07 10:14:44,b'Meu app favorito! Hoje tem @azulinhasaereas \xe2\x9d\xa4\xef\xb8\x8f https://t.co/vMUBCpJgjC'
2018-08-07 09:02:06,"b'Ei, @azulinhasaereas , gratid\xc3\xa3o por atrasar minha chegada, sqn.'"
